device_serial,device_model,usb_speed,host_cpu,host_kernel,bench_version,iter,elapsed_ns,echo_ok
jfzxugsgnnvsrsg6,22095RA98C,480 Mbps,AMD Ryzen 5 5500,6.17.0-23-generic,phase0-2026-05-20,0,28532327,1
jfzxugsgnnvsrsg6,22095RA98C,480 Mbps,AMD Ryzen 5 5500,6.17.0-23-generic,phase0-2026-05-20,1,18721716,1
jfzxugsgnnvsrsg6,22095RA98C,480 Mbps,AMD Ryzen 5 5500,6.17.0-23-generic,phase0-2026-05-20,2,28723743,1
jfzxugsgnnvsrsg6,22095RA98C,480 Mbps,AMD Ryzen 5 5500,6.17.0-23-generic,phase0-2026-05-20,3,29170534,1
jfzxugsgnnvsrsg6,22095RA98C,480 Mbps,AMD Ryzen 5 5500,6.17.0-23-generic,phase0-2026-05-20,4,29988347,1
jfzxugsgnnvsrsg6,22095RA98C,480 Mbps,AMD Ryzen 5 5500,6.17.0-23-generic,phase0-2026-05-20,5,28590869,1
jfzxugsgnnvsrsg6,22095RA98C,480 Mbps,AMD Ryzen 5 5500,6.17.0-23-generic,phase0-2026-05-20,6,28625139,1
jfzxugsgnnvsrsg6,22095RA98C,480 Mbps,AMD Ryzen 5 5500,6.17.0-23-generic,phase0-2026-05-20,7,28079095,1
jfzxugsgnnvsrsg6,22095RA98C,480 Mbps,AMD Ryzen 5 5500,6.17.0-23-generic,phase0-2026-05-20,8,31348404,1
jfzxugsgnnvsrsg6,22095RA98C,480 Mbps,AMD Ryzen 5 5500,6.17.0-23-generic,phase0-2026-05-20,9,30897062,1
jfzxugsgnnvsrsg6,22095RA98C,480 Mbps,AMD Ryzen 5 5500,6.17.0-23-generic,phase0-2026-05-20,10,28241859,1
jfzxugsgnnvsrsg6,22095RA98C,480 Mbps,AMD Ryzen 5 5500,6.17.0-23-generic,phase0-2026-05-20,11,28158946,1
jfzxugsgnnvsrsg6,22095RA98C,480 Mbps,AMD Ryzen 5 5500,6.17.0-23-generic,phase0-2026-05-20,12,27687213,1
jfzxugsgnnvsrsg6,22095RA98C,480 Mbps,AMD Ryzen 5 5500,6.17.0-23-generic,phase0-2026-05-20,13,27102878,1
jfzxugsgnnvsrsg6,22095RA98C,480 Mbps,AMD Ryzen 5 5500,6.17.0-23-generic,phase0-2026-05-20,14,27743755,1
jfzxugsgnnvsrsg6,22095RA98C,480 Mbps,AMD Ryzen 5 5500,6.17.0-23-generic,phase0-2026-05-20,15,26868161,1
jfzxugsgnnvsrsg6,22095RA98C,480 Mbps,AMD Ryzen 5 5500,6.17.0-23-generic,phase0-2026-05-20,16,27083247,1
jfzxugsgnnvsrsg6,22095RA98C,480 Mbps,AMD Ryzen 5 5500,6.17.0-23-generic,phase0-2026-05-20,17,28963159,1
jfzxugsgnnvsrsg6,22095RA98C,480 Mbps,AMD Ryzen 5 5500,6.17.0-23-generic,phase0-2026-05-20,18,25880334,1
jfzxugsgnnvsrsg6,22095RA98C,480 Mbps,AMD Ryzen 5 5500,6.17.0-23-generic,phase0-2026-05-20,19,27610841,1
jfzxugsgnnvsrsg6,22095RA98C,480 Mbps,AMD Ryzen 5 5500,6.17.0-23-generic,phase0-2026-05-20,20,30338147,1
jfzxugsgnnvsrsg6,22095RA98C,480 Mbps,AMD Ryzen 5 5500,6.17.0-23-generic,phase0-2026-05-20,21,41819093,1
jfzxugsgnnvsrsg6,22095RA98C,480 Mbps,AMD Ryzen 5 5500,6.17.0-23-generic,phase0-2026-05-20,22,22799809,1
jfzxugsgnnvsrsg6,22095RA98C,480 Mbps,AMD Ryzen 5 5500,6.17.0-23-generic,phase0-2026-05-20,23,28160847,1
jfzxugsgnnvsrsg6,22095RA98C,480 Mbps,AMD Ryzen 5 5500,6.17.0-23-generic,phase0-2026-05-20,24,29649508,1
jfzxugsgnnvsrsg6,22095RA98C,480 Mbps,AMD Ryzen 5 5500,6.17.0-23-generic,phase0-2026-05-20,25,25221375,1
jfzxugsgnnvsrsg6,22095RA98C,480 Mbps,AMD Ryzen 5 5500,6.17.0-23-generic,phase0-2026-05-20,26,21367510,1
jfzxugsgnnvsrsg6,22095RA98C,480 Mbps,AMD Ryzen 5 5500,6.17.0-23-generic,phase0-2026-05-20,27,22634024,1
jfzxugsgnnvsrsg6,22095RA98C,480 Mbps,AMD Ryzen 5 5500,6.17.0-23-generic,phase0-2026-05-20,28,18142600,1
jfzxugsgnnvsrsg6,22095RA98C,480 Mbps,AMD Ryzen 5 5500,6.17.0-23-generic,phase0-2026-05-20,29,34785669,1
jfzxugsgnnvsrsg6,22095RA98C,480 Mbps,AMD Ryzen 5 5500,6.17.0-23-generic,phase0-2026-05-20,30,28689601,1
jfzxugsgnnvsrsg6,22095RA98C,480 Mbps,AMD Ryzen 5 5500,6.17.0-23-generic,phase0-2026-05-20,31,27849908,1
jfzxugsgnnvsrsg6,22095RA98C,480 Mbps,AMD Ryzen 5 5500,6.17.0-23-generic,phase0-2026-05-20,32,29010640,1
jfzxugsgnnvsrsg6,22095RA98C,480 Mbps,AMD Ryzen 5 5500,6.17.0-23-generic,phase0-2026-05-20,33,27279832,1
jfzxugsgnnvsrsg6,22095RA98C,480 Mbps,AMD Ryzen 5 5500,6.17.0-23-generic,phase0-2026-05-20,34,25572455,1
jfzxugsgnnvsrsg6,22095RA98C,480 Mbps,AMD Ryzen 5 5500,6.17.0-23-generic,phase0-2026-05-20,35,28489916,1
jfzxugsgnnvsrsg6,22095RA98C,480 Mbps,AMD Ryzen 5 5500,6.17.0-23-generic,phase0-2026-05-20,36,27713135,1
jfzxugsgnnvsrsg6,22095RA98C,480 Mbps,AMD Ryzen 5 5500,6.17.0-23-generic,phase0-2026-05-20,37,26826350,1
jfzxugsgnnvsrsg6,22095RA98C,480 Mbps,AMD Ryzen 5 5500,6.17.0-23-generic,phase0-2026-05-20,38,28088435,1
jfzxugsgnnvsrsg6,22095RA98C,480 Mbps,AMD Ryzen 5 5500,6.17.0-23-generic,phase0-2026-05-20,39,28067364,1
jfzxugsgnnvsrsg6,22095RA98C,480 Mbps,AMD Ryzen 5 5500,6.17.0-23-generic,phase0-2026-05-20,40,27586481,1
jfzxugsgnnvsrsg6,22095RA98C,480 Mbps,AMD Ryzen 5 5500,6.17.0-23-generic,phase0-2026-05-20,41,28488056,1
jfzxugsgnnvsrsg6,22095RA98C,480 Mbps,AMD Ryzen 5 5500,6.17.0-23-generic,phase0-2026-05-20,42,28562098,1
jfzxugsgnnvsrsg6,22095RA98C,480 Mbps,AMD Ryzen 5 5500,6.17.0-23-generic,phase0-2026-05-20,43,26503951,1
jfzxugsgnnvsrsg6,22095RA98C,480 Mbps,AMD Ryzen 5 5500,6.17.0-23-generic,phase0-2026-05-20,44,28137376,1
jfzxugsgnnvsrsg6,22095RA98C,480 Mbps,AMD Ryzen 5 5500,6.17.0-23-generic,phase0-2026-05-20,45,28433954,1
jfzxugsgnnvsrsg6,22095RA98C,480 Mbps,AMD Ryzen 5 5500,6.17.0-23-generic,phase0-2026-05-20,46,28002042,1
jfzxugsgnnvsrsg6,22095RA98C,480 Mbps,AMD Ryzen 5 5500,6.17.0-23-generic,phase0-2026-05-20,47,27668464,1
jfzxugsgnnvsrsg6,22095RA98C,480 Mbps,AMD Ryzen 5 5500,6.17.0-23-generic,phase0-2026-05-20,48,27720844,1
jfzxugsgnnvsrsg6,22095RA98C,480 Mbps,AMD Ryzen 5 5500,6.17.0-23-generic,phase0-2026-05-20,49,27206940,1
jfzxugsgnnvsrsg6,22095RA98C,480 Mbps,AMD Ryzen 5 5500,6.17.0-23-generic,phase0-2026-05-20,50,27948111,1
jfzxugsgnnvsrsg6,22095RA98C,480 Mbps,AMD Ryzen 5 5500,6.17.0-23-generic,phase0-2026-05-20,51,28502156,1
jfzxugsgnnvsrsg6,22095RA98C,480 Mbps,AMD Ryzen 5 5500,6.17.0-23-generic,phase0-2026-05-20,52,24224298,1
jfzxugsgnnvsrsg6,22095RA98C,480 Mbps,AMD Ryzen 5 5500,6.17.0-23-generic,phase0-2026-05-20,53,28304811,1
jfzxugsgnnvsrsg6,22095RA98C,480 Mbps,AMD Ryzen 5 5500,6.17.0-23-generic,phase0-2026-05-20,54,27372785,1
jfzxugsgnnvsrsg6,22095RA98C,480 Mbps,AMD Ryzen 5 5500,6.17.0-23-generic,phase0-2026-05-20,55,29310238,1
jfzxugsgnnvsrsg6,22095RA98C,480 Mbps,AMD Ryzen 5 5500,6.17.0-23-generic,phase0-2026-05-20,56,26868732,1
jfzxugsgnnvsrsg6,22095RA98C,480 Mbps,AMD Ryzen 5 5500,6.17.0-23-generic,phase0-2026-05-20,57,28588758,1
jfzxugsgnnvsrsg6,22095RA98C,480 Mbps,AMD Ryzen 5 5500,6.17.0-23-generic,phase0-2026-05-20,58,27110468,1
jfzxugsgnnvsrsg6,22095RA98C,480 Mbps,AMD Ryzen 5 5500,6.17.0-23-generic,phase0-2026-05-20,59,27019886,1
jfzxugsgnnvsrsg6,22095RA98C,480 Mbps,AMD Ryzen 5 5500,6.17.0-23-generic,phase0-2026-05-20,60,28444734,1
jfzxugsgnnvsrsg6,22095RA98C,480 Mbps,AMD Ryzen 5 5500,6.17.0-23-generic,phase0-2026-05-20,61,27476138,1
jfzxugsgnnvsrsg6,22095RA98C,480 Mbps,AMD Ryzen 5 5500,6.17.0-23-generic,phase0-2026-05-20,62,27989002,1
jfzxugsgnnvsrsg6,22095RA98C,480 Mbps,AMD Ryzen 5 5500,6.17.0-23-generic,phase0-2026-05-20,63,27798086,1
jfzxugsgnnvsrsg6,22095RA98C,480 Mbps,AMD Ryzen 5 5500,6.17.0-23-generic,phase0-2026-05-20,64,28407634,1
jfzxugsgnnvsrsg6,22095RA98C,480 Mbps,AMD Ryzen 5 5500,6.17.0-23-generic,phase0-2026-05-20,65,28339022,1
jfzxugsgnnvsrsg6,22095RA98C,480 Mbps,AMD Ryzen 5 5500,6.17.0-23-generic,phase0-2026-05-20,66,28275900,1
jfzxugsgnnvsrsg6,22095RA98C,480 Mbps,AMD Ryzen 5 5500,6.17.0-23-generic,phase0-2026-05-20,67,27616852,1
jfzxugsgnnvsrsg6,22095RA98C,480 Mbps,AMD Ryzen 5 5500,6.17.0-23-generic,phase0-2026-05-20,68,27334904,1
jfzxugsgnnvsrsg6,22095RA98C,480 Mbps,AMD Ryzen 5 5500,6.17.0-23-generic,phase0-2026-05-20,69,28819105,1
jfzxugsgnnvsrsg6,22095RA98C,480 Mbps,AMD Ryzen 5 5500,6.17.0-23-generic,phase0-2026-05-20,70,27110728,1
jfzxugsgnnvsrsg6,22095RA98C,480 Mbps,AMD Ryzen 5 5500,6.17.0-23-generic,phase0-2026-05-20,71,28577969,1
jfzxugsgnnvsrsg6,22095RA98C,480 Mbps,AMD Ryzen 5 5500,6.17.0-23-generic,phase0-2026-05-20,72,27547570,1
jfzxugsgnnvsrsg6,22095RA98C,480 Mbps,AMD Ryzen 5 5500,6.17.0-23-generic,phase0-2026-05-20,73,26462370,1
jfzxugsgnnvsrsg6,22095RA98C,480 Mbps,AMD Ryzen 5 5500,6.17.0-23-generic,phase0-2026-05-20,74,28408334,1
jfzxugsgnnvsrsg6,22095RA98C,480 Mbps,AMD Ryzen 5 5500,6.17.0-23-generic,phase0-2026-05-20,75,28553258,1
jfzxugsgnnvsrsg6,22095RA98C,480 Mbps,AMD Ryzen 5 5500,6.17.0-23-generic,phase0-2026-05-20,76,31706255,1
jfzxugsgnnvsrsg6,22095RA98C,480 Mbps,AMD Ryzen 5 5500,6.17.0-23-generic,phase0-2026-05-20,77,27243512,1
jfzxugsgnnvsrsg6,22095RA98C,480 Mbps,AMD Ryzen 5 5500,6.17.0-23-generic,phase0-2026-05-20,78,27976542,1
jfzxugsgnnvsrsg6,22095RA98C,480 Mbps,AMD Ryzen 5 5500,6.17.0-23-generic,phase0-2026-05-20,79,28668171,1
jfzxugsgnnvsrsg6,22095RA98C,480 Mbps,AMD Ryzen 5 5500,6.17.0-23-generic,phase0-2026-05-20,80,27831038,1
jfzxugsgnnvsrsg6,22095RA98C,480 Mbps,AMD Ryzen 5 5500,6.17.0-23-generic,phase0-2026-05-20,81,27851998,1
jfzxugsgnnvsrsg6,22095RA98C,480 Mbps,AMD Ryzen 5 5500,6.17.0-23-generic,phase0-2026-05-20,82,30791049,1
jfzxugsgnnvsrsg6,22095RA98C,480 Mbps,AMD Ryzen 5 5500,6.17.0-23-generic,phase0-2026-05-20,83,28628030,1
jfzxugsgnnvsrsg6,22095RA98C,480 Mbps,AMD Ryzen 5 5500,6.17.0-23-generic,phase0-2026-05-20,84,27761636,1
jfzxugsgnnvsrsg6,22095RA98C,480 Mbps,AMD Ryzen 5 5500,6.17.0-23-generic,phase0-2026-05-20,85,27158029,1
jfzxugsgnnvsrsg6,22095RA98C,480 Mbps,AMD Ryzen 5 5500,6.17.0-23-generic,phase0-2026-05-20,86,28284880,1
jfzxugsgnnvsrsg6,22095RA98C,480 Mbps,AMD Ryzen 5 5500,6.17.0-23-generic,phase0-2026-05-20,87,28482146,1
jfzxugsgnnvsrsg6,22095RA98C,480 Mbps,AMD Ryzen 5 5500,6.17.0-23-generic,phase0-2026-05-20,88,27328594,1
jfzxugsgnnvsrsg6,22095RA98C,480 Mbps,AMD Ryzen 5 5500,6.17.0-23-generic,phase0-2026-05-20,89,28410414,1
jfzxugsgnnvsrsg6,22095RA98C,480 Mbps,AMD Ryzen 5 5500,6.17.0-23-generic,phase0-2026-05-20,90,28800565,1
jfzxugsgnnvsrsg6,22095RA98C,480 Mbps,AMD Ryzen 5 5500,6.17.0-23-generic,phase0-2026-05-20,91,27654973,1
jfzxugsgnnvsrsg6,22095RA98C,480 Mbps,AMD Ryzen 5 5500,6.17.0-23-generic,phase0-2026-05-20,92,27864839,1
jfzxugsgnnvsrsg6,22095RA98C,480 Mbps,AMD Ryzen 5 5500,6.17.0-23-generic,phase0-2026-05-20,93,30820990,1
jfzxugsgnnvsrsg6,22095RA98C,480 Mbps,AMD Ryzen 5 5500,6.17.0-23-generic,phase0-2026-05-20,94,28648071,1
jfzxugsgnnvsrsg6,22095RA98C,480 Mbps,AMD Ryzen 5 5500,6.17.0-23-generic,phase0-2026-05-20,95,27851978,1
jfzxugsgnnvsrsg6,22095RA98C,480 Mbps,AMD Ryzen 5 5500,6.17.0-23-generic,phase0-2026-05-20,96,27442708,1
jfzxugsgnnvsrsg6,22095RA98C,480 Mbps,AMD Ryzen 5 5500,6.17.0-23-generic,phase0-2026-05-20,97,27136078,1
jfzxugsgnnvsrsg6,22095RA98C,480 Mbps,AMD Ryzen 5 5500,6.17.0-23-generic,phase0-2026-05-20,98,28050663,1
jfzxugsgnnvsrsg6,22095RA98C,480 Mbps,AMD Ryzen 5 5500,6.17.0-23-generic,phase0-2026-05-20,99,28370443,1
jfzxugsgnnvsrsg6,22095RA98C,480 Mbps,AMD Ryzen 5 5500,6.17.0-23-generic,phase0-2026-05-20,100,26580213,1
jfzxugsgnnvsrsg6,22095RA98C,480 Mbps,AMD Ryzen 5 5500,6.17.0-23-generic,phase0-2026-05-20,101,27333934,1
jfzxugsgnnvsrsg6,22095RA98C,480 Mbps,AMD Ryzen 5 5500,6.17.0-23-generic,phase0-2026-05-20,102,27708515,1
jfzxugsgnnvsrsg6,22095RA98C,480 Mbps,AMD Ryzen 5 5500,6.17.0-23-generic,phase0-2026-05-20,103,28541587,1
jfzxugsgnnvsrsg6,22095RA98C,480 Mbps,AMD Ryzen 5 5500,6.17.0-23-generic,phase0-2026-05-20,104,27456358,1
jfzxugsgnnvsrsg6,22095RA98C,480 Mbps,AMD Ryzen 5 5500,6.17.0-23-generic,phase0-2026-05-20,105,28066555,1
jfzxugsgnnvsrsg6,22095RA98C,480 Mbps,AMD Ryzen 5 5500,6.17.0-23-generic,phase0-2026-05-20,106,30898022,1
jfzxugsgnnvsrsg6,22095RA98C,480 Mbps,AMD Ryzen 5 5500,6.17.0-23-generic,phase0-2026-05-20,107,29345430,1
jfzxugsgnnvsrsg6,22095RA98C,480 Mbps,AMD Ryzen 5 5500,6.17.0-23-generic,phase0-2026-05-20,108,29352610,1
jfzxugsgnnvsrsg6,22095RA98C,480 Mbps,AMD Ryzen 5 5500,6.17.0-23-generic,phase0-2026-05-20,109,27332304,1
jfzxugsgnnvsrsg6,22095RA98C,480 Mbps,AMD Ryzen 5 5500,6.17.0-23-generic,phase0-2026-05-20,110,28917628,1
jfzxugsgnnvsrsg6,22095RA98C,480 Mbps,AMD Ryzen 5 5500,6.17.0-23-generic,phase0-2026-05-20,111,27178790,1
jfzxugsgnnvsrsg6,22095RA98C,480 Mbps,AMD Ryzen 5 5500,6.17.0-23-generic,phase0-2026-05-20,112,28064195,1
jfzxugsgnnvsrsg6,22095RA98C,480 Mbps,AMD Ryzen 5 5500,6.17.0-23-generic,phase0-2026-05-20,113,28384663,1
jfzxugsgnnvsrsg6,22095RA98C,480 Mbps,AMD Ryzen 5 5500,6.17.0-23-generic,phase0-2026-05-20,114,28495157,1
jfzxugsgnnvsrsg6,22095RA98C,480 Mbps,AMD Ryzen 5 5500,6.17.0-23-generic,phase0-2026-05-20,115,17925914,1
jfzxugsgnnvsrsg6,22095RA98C,480 Mbps,AMD Ryzen 5 5500,6.17.0-23-generic,phase0-2026-05-20,116,27787586,1
jfzxugsgnnvsrsg6,22095RA98C,480 Mbps,AMD Ryzen 5 5500,6.17.0-23-generic,phase0-2026-05-20,117,28132307,1
jfzxugsgnnvsrsg6,22095RA98C,480 Mbps,AMD Ryzen 5 5500,6.17.0-23-generic,phase0-2026-05-20,118,28762294,1
jfzxugsgnnvsrsg6,22095RA98C,480 Mbps,AMD Ryzen 5 5500,6.17.0-23-generic,phase0-2026-05-20,119,27958721,1
jfzxugsgnnvsrsg6,22095RA98C,480 Mbps,AMD Ryzen 5 5500,6.17.0-23-generic,phase0-2026-05-20,120,32700912,1
jfzxugsgnnvsrsg6,22095RA98C,480 Mbps,AMD Ryzen 5 5500,6.17.0-23-generic,phase0-2026-05-20,121,28529867,1
jfzxugsgnnvsrsg6,22095RA98C,480 Mbps,AMD Ryzen 5 5500,6.17.0-23-generic,phase0-2026-05-20,122,28484526,1
jfzxugsgnnvsrsg6,22095RA98C,480 Mbps,AMD Ryzen 5 5500,6.17.0-23-generic,phase0-2026-05-20,123,28451295,1
jfzxugsgnnvsrsg6,22095RA98C,480 Mbps,AMD Ryzen 5 5500,6.17.0-23-generic,phase0-2026-05-20,124,28720953,1
jfzxugsgnnvsrsg6,22095RA98C,480 Mbps,AMD Ryzen 5 5500,6.17.0-23-generic,phase0-2026-05-20,125,28606019,1
jfzxugsgnnvsrsg6,22095RA98C,480 Mbps,AMD Ryzen 5 5500,6.17.0-23-generic,phase0-2026-05-20,126,27913551,1
jfzxugsgnnvsrsg6,22095RA98C,480 Mbps,AMD Ryzen 5 5500,6.17.0-23-generic,phase0-2026-05-20,127,27434357,1
jfzxugsgnnvsrsg6,22095RA98C,480 Mbps,AMD Ryzen 5 5500,6.17.0-23-generic,phase0-2026-05-20,128,28507697,1
jfzxugsgnnvsrsg6,22095RA98C,480 Mbps,AMD Ryzen 5 5500,6.17.0-23-generic,phase0-2026-05-20,129,27827018,1
jfzxugsgnnvsrsg6,22095RA98C,480 Mbps,AMD Ryzen 5 5500,6.17.0-23-generic,phase0-2026-05-20,130,27471018,1
jfzxugsgnnvsrsg6,22095RA98C,480 Mbps,AMD Ryzen 5 5500,6.17.0-23-generic,phase0-2026-05-20,131,28646901,1
jfzxugsgnnvsrsg6,22095RA98C,480 Mbps,AMD Ryzen 5 5500,6.17.0-23-generic,phase0-2026-05-20,132,28030063,1
jfzxugsgnnvsrsg6,22095RA98C,480 Mbps,AMD Ryzen 5 5500,6.17.0-23-generic,phase0-2026-05-20,133,28019174,1
jfzxugsgnnvsrsg6,22095RA98C,480 Mbps,AMD Ryzen 5 5500,6.17.0-23-generic,phase0-2026-05-20,134,28765434,1
jfzxugsgnnvsrsg6,22095RA98C,480 Mbps,AMD Ryzen 5 5500,6.17.0-23-generic,phase0-2026-05-20,135,28175797,1
jfzxugsgnnvsrsg6,22095RA98C,480 Mbps,AMD Ryzen 5 5500,6.17.0-23-generic,phase0-2026-05-20,136,29038952,1
jfzxugsgnnvsrsg6,22095RA98C,480 Mbps,AMD Ryzen 5 5500,6.17.0-23-generic,phase0-2026-05-20,137,28617170,1
jfzxugsgnnvsrsg6,22095RA98C,480 Mbps,AMD Ryzen 5 5500,6.17.0-23-generic,phase0-2026-05-20,138,27809627,1
jfzxugsgnnvsrsg6,22095RA98C,480 Mbps,AMD Ryzen 5 5500,6.17.0-23-generic,phase0-2026-05-20,139,28295861,1
jfzxugsgnnvsrsg6,22095RA98C,480 Mbps,AMD Ryzen 5 5500,6.17.0-23-generic,phase0-2026-05-20,140,28285941,1
jfzxugsgnnvsrsg6,22095RA98C,480 Mbps,AMD Ryzen 5 5500,6.17.0-23-generic,phase0-2026-05-20,141,28733933,1
jfzxugsgnnvsrsg6,22095RA98C,480 Mbps,AMD Ryzen 5 5500,6.17.0-23-generic,phase0-2026-05-20,142,27679434,1
jfzxugsgnnvsrsg6,22095RA98C,480 Mbps,AMD Ryzen 5 5500,6.17.0-23-generic,phase0-2026-05-20,143,29372901,1
jfzxugsgnnvsrsg6,22095RA98C,480 Mbps,AMD Ryzen 5 5500,6.17.0-23-generic,phase0-2026-05-20,144,30334118,1
jfzxugsgnnvsrsg6,22095RA98C,480 Mbps,AMD Ryzen 5 5500,6.17.0-23-generic,phase0-2026-05-20,145,27842518,1
jfzxugsgnnvsrsg6,22095RA98C,480 Mbps,AMD Ryzen 5 5500,6.17.0-23-generic,phase0-2026-05-20,146,28942749,1
jfzxugsgnnvsrsg6,22095RA98C,480 Mbps,AMD Ryzen 5 5500,6.17.0-23-generic,phase0-2026-05-20,147,27553241,1
jfzxugsgnnvsrsg6,22095RA98C,480 Mbps,AMD Ryzen 5 5500,6.17.0-23-generic,phase0-2026-05-20,148,27797677,1
jfzxugsgnnvsrsg6,22095RA98C,480 Mbps,AMD Ryzen 5 5500,6.17.0-23-generic,phase0-2026-05-20,149,28393723,1
jfzxugsgnnvsrsg6,22095RA98C,480 Mbps,AMD Ryzen 5 5500,6.17.0-23-generic,phase0-2026-05-20,150,28054304,1
jfzxugsgnnvsrsg6,22095RA98C,480 Mbps,AMD Ryzen 5 5500,6.17.0-23-generic,phase0-2026-05-20,151,27888050,1
jfzxugsgnnvsrsg6,22095RA98C,480 Mbps,AMD Ryzen 5 5500,6.17.0-23-generic,phase0-2026-05-20,152,27433617,1
jfzxugsgnnvsrsg6,22095RA98C,480 Mbps,AMD Ryzen 5 5500,6.17.0-23-generic,phase0-2026-05-20,153,27353455,1
jfzxugsgnnvsrsg6,22095RA98C,480 Mbps,AMD Ryzen 5 5500,6.17.0-23-generic,phase0-2026-05-20,154,26720908,1
jfzxugsgnnvsrsg6,22095RA98C,480 Mbps,AMD Ryzen 5 5500,6.17.0-23-generic,phase0-2026-05-20,155,27102308,1
jfzxugsgnnvsrsg6,22095RA98C,480 Mbps,AMD Ryzen 5 5500,6.17.0-23-generic,phase0-2026-05-20,156,28362193,1
jfzxugsgnnvsrsg6,22095RA98C,480 Mbps,AMD Ryzen 5 5500,6.17.0-23-generic,phase0-2026-05-20,157,25792952,1
jfzxugsgnnvsrsg6,22095RA98C,480 Mbps,AMD Ryzen 5 5500,6.17.0-23-generic,phase0-2026-05-20,158,28235400,1
jfzxugsgnnvsrsg6,22095RA98C,480 Mbps,AMD Ryzen 5 5500,6.17.0-23-generic,phase0-2026-05-20,159,25406411,1
jfzxugsgnnvsrsg6,22095RA98C,480 Mbps,AMD Ryzen 5 5500,6.17.0-23-generic,phase0-2026-05-20,160,27707695,1
jfzxugsgnnvsrsg6,22095RA98C,480 Mbps,AMD Ryzen 5 5500,6.17.0-23-generic,phase0-2026-05-20,161,27729366,1
jfzxugsgnnvsrsg6,22095RA98C,480 Mbps,AMD Ryzen 5 5500,6.17.0-23-generic,phase0-2026-05-20,162,28271090,1
jfzxugsgnnvsrsg6,22095RA98C,480 Mbps,AMD Ryzen 5 5500,6.17.0-23-generic,phase0-2026-05-20,163,27207161,1
jfzxugsgnnvsrsg6,22095RA98C,480 Mbps,AMD Ryzen 5 5500,6.17.0-23-generic,phase0-2026-05-20,164,26992405,1
jfzxugsgnnvsrsg6,22095RA98C,480 Mbps,AMD Ryzen 5 5500,6.17.0-23-generic,phase0-2026-05-20,165,27206991,1
jfzxugsgnnvsrsg6,22095RA98C,480 Mbps,AMD Ryzen 5 5500,6.17.0-23-generic,phase0-2026-05-20,166,26239944,1
jfzxugsgnnvsrsg6,22095RA98C,480 Mbps,AMD Ryzen 5 5500,6.17.0-23-generic,phase0-2026-05-20,167,26234624,1
jfzxugsgnnvsrsg6,22095RA98C,480 Mbps,AMD Ryzen 5 5500,6.17.0-23-generic,phase0-2026-05-20,168,24906927,1
jfzxugsgnnvsrsg6,22095RA98C,480 Mbps,AMD Ryzen 5 5500,6.17.0-23-generic,phase0-2026-05-20,169,28190158,1
jfzxugsgnnvsrsg6,22095RA98C,480 Mbps,AMD Ryzen 5 5500,6.17.0-23-generic,phase0-2026-05-20,170,27317235,1
jfzxugsgnnvsrsg6,22095RA98C,480 Mbps,AMD Ryzen 5 5500,6.17.0-23-generic,phase0-2026-05-20,171,22855740,1
jfzxugsgnnvsrsg6,22095RA98C,480 Mbps,AMD Ryzen 5 5500,6.17.0-23-generic,phase0-2026-05-20,172,19694633,1
jfzxugsgnnvsrsg6,22095RA98C,480 Mbps,AMD Ryzen 5 5500,6.17.0-23-generic,phase0-2026-05-20,173,16980479,1
jfzxugsgnnvsrsg6,22095RA98C,480 Mbps,AMD Ryzen 5 5500,6.17.0-23-generic,phase0-2026-05-20,174,17005530,1
jfzxugsgnnvsrsg6,22095RA98C,480 Mbps,AMD Ryzen 5 5500,6.17.0-23-generic,phase0-2026-05-20,175,16885156,1
jfzxugsgnnvsrsg6,22095RA98C,480 Mbps,AMD Ryzen 5 5500,6.17.0-23-generic,phase0-2026-05-20,176,27697355,1
jfzxugsgnnvsrsg6,22095RA98C,480 Mbps,AMD Ryzen 5 5500,6.17.0-23-generic,phase0-2026-05-20,177,30778159,1
jfzxugsgnnvsrsg6,22095RA98C,480 Mbps,AMD Ryzen 5 5500,6.17.0-23-generic,phase0-2026-05-20,178,28555939,1
jfzxugsgnnvsrsg6,22095RA98C,480 Mbps,AMD Ryzen 5 5500,6.17.0-23-generic,phase0-2026-05-20,179,28887887,1
jfzxugsgnnvsrsg6,22095RA98C,480 Mbps,AMD Ryzen 5 5500,6.17.0-23-generic,phase0-2026-05-20,180,28969830,1
jfzxugsgnnvsrsg6,22095RA98C,480 Mbps,AMD Ryzen 5 5500,6.17.0-23-generic,phase0-2026-05-20,181,28278941,1
jfzxugsgnnvsrsg6,22095RA98C,480 Mbps,AMD Ryzen 5 5500,6.17.0-23-generic,phase0-2026-05-20,182,30377259,1
jfzxugsgnnvsrsg6,22095RA98C,480 Mbps,AMD Ryzen 5 5500,6.17.0-23-generic,phase0-2026-05-20,183,29651919,1
jfzxugsgnnvsrsg6,22095RA98C,480 Mbps,AMD Ryzen 5 5500,6.17.0-23-generic,phase0-2026-05-20,184,26614655,1
jfzxugsgnnvsrsg6,22095RA98C,480 Mbps,AMD Ryzen 5 5500,6.17.0-23-generic,phase0-2026-05-20,185,29699990,1
jfzxugsgnnvsrsg6,22095RA98C,480 Mbps,AMD Ryzen 5 5500,6.17.0-23-generic,phase0-2026-05-20,186,28569979,1
jfzxugsgnnvsrsg6,22095RA98C,480 Mbps,AMD Ryzen 5 5500,6.17.0-23-generic,phase0-2026-05-20,187,29644379,1
jfzxugsgnnvsrsg6,22095RA98C,480 Mbps,AMD Ryzen 5 5500,6.17.0-23-generic,phase0-2026-05-20,188,27961062,1
jfzxugsgnnvsrsg6,22095RA98C,480 Mbps,AMD Ryzen 5 5500,6.17.0-23-generic,phase0-2026-05-20,189,30438730,1
jfzxugsgnnvsrsg6,22095RA98C,480 Mbps,AMD Ryzen 5 5500,6.17.0-23-generic,phase0-2026-05-20,190,27591382,1
jfzxugsgnnvsrsg6,22095RA98C,480 Mbps,AMD Ryzen 5 5500,6.17.0-23-generic,phase0-2026-05-20,191,27042007,1
jfzxugsgnnvsrsg6,22095RA98C,480 Mbps,AMD Ryzen 5 5500,6.17.0-23-generic,phase0-2026-05-20,192,28099946,1
jfzxugsgnnvsrsg6,22095RA98C,480 Mbps,AMD Ryzen 5 5500,6.17.0-23-generic,phase0-2026-05-20,193,27995283,1
jfzxugsgnnvsrsg6,22095RA98C,480 Mbps,AMD Ryzen 5 5500,6.17.0-23-generic,phase0-2026-05-20,194,29006581,1
jfzxugsgnnvsrsg6,22095RA98C,480 Mbps,AMD Ryzen 5 5500,6.17.0-23-generic,phase0-2026-05-20,195,27240792,1
jfzxugsgnnvsrsg6,22095RA98C,480 Mbps,AMD Ryzen 5 5500,6.17.0-23-generic,phase0-2026-05-20,196,27661794,1
jfzxugsgnnvsrsg6,22095RA98C,480 Mbps,AMD Ryzen 5 5500,6.17.0-23-generic,phase0-2026-05-20,197,28146957,1
jfzxugsgnnvsrsg6,22095RA98C,480 Mbps,AMD Ryzen 5 5500,6.17.0-23-generic,phase0-2026-05-20,198,28238959,1
jfzxugsgnnvsrsg6,22095RA98C,480 Mbps,AMD Ryzen 5 5500,6.17.0-23-generic,phase0-2026-05-20,199,27650504,1
