device_serial,device_model,usb_speed,host_cpu,host_kernel,bench_version,mode,iter,elapsed_ns,frame_w,frame_h,frame_channels
jfzxugsgnnvsrsg6,22095RA98C,480 Mbps,AMD Ryzen 5 5500,6.17.0-23-generic,phase0-2026-05-20,A_screencap_pull,0,1324948874,1080,2408,3
jfzxugsgnnvsrsg6,22095RA98C,480 Mbps,AMD Ryzen 5 5500,6.17.0-23-generic,phase0-2026-05-20,A_screencap_pull,1,1258586279,1080,2408,3
jfzxugsgnnvsrsg6,22095RA98C,480 Mbps,AMD Ryzen 5 5500,6.17.0-23-generic,phase0-2026-05-20,A_screencap_pull,2,1238639388,1080,2408,3
jfzxugsgnnvsrsg6,22095RA98C,480 Mbps,AMD Ryzen 5 5500,6.17.0-23-generic,phase0-2026-05-20,A_screencap_pull,3,1384318268,1080,2408,3
jfzxugsgnnvsrsg6,22095RA98C,480 Mbps,AMD Ryzen 5 5500,6.17.0-23-generic,phase0-2026-05-20,A_screencap_pull,4,1204056439,1080,2408,3
jfzxugsgnnvsrsg6,22095RA98C,480 Mbps,AMD Ryzen 5 5500,6.17.0-23-generic,phase0-2026-05-20,A_screencap_pull,5,1251336183,1080,2408,3
jfzxugsgnnvsrsg6,22095RA98C,480 Mbps,AMD Ryzen 5 5500,6.17.0-23-generic,phase0-2026-05-20,A_screencap_pull,6,1398000120,1080,2408,3
jfzxugsgnnvsrsg6,22095RA98C,480 Mbps,AMD Ryzen 5 5500,6.17.0-23-generic,phase0-2026-05-20,A_screencap_pull,7,1362322982,1080,2408,3
jfzxugsgnnvsrsg6,22095RA98C,480 Mbps,AMD Ryzen 5 5500,6.17.0-23-generic,phase0-2026-05-20,A_screencap_pull,8,1237248377,1080,2408,3
jfzxugsgnnvsrsg6,22095RA98C,480 Mbps,AMD Ryzen 5 5500,6.17.0-23-generic,phase0-2026-05-20,A_screencap_pull,9,1386163925,1080,2408,3
jfzxugsgnnvsrsg6,22095RA98C,480 Mbps,AMD Ryzen 5 5500,6.17.0-23-generic,phase0-2026-05-20,A_screencap_pull,10,1250976848,1080,2408,3
jfzxugsgnnvsrsg6,22095RA98C,480 Mbps,AMD Ryzen 5 5500,6.17.0-23-generic,phase0-2026-05-20,A_screencap_pull,11,1359678327,1080,2408,3
jfzxugsgnnvsrsg6,22095RA98C,480 Mbps,AMD Ryzen 5 5500,6.17.0-23-generic,phase0-2026-05-20,A_screencap_pull,12,1375062375,1080,2408,3
jfzxugsgnnvsrsg6,22095RA98C,480 Mbps,AMD Ryzen 5 5500,6.17.0-23-generic,phase0-2026-05-20,A_screencap_pull,13,1464163209,1080,2408,3
jfzxugsgnnvsrsg6,22095RA98C,480 Mbps,AMD Ryzen 5 5500,6.17.0-23-generic,phase0-2026-05-20,A_screencap_pull,14,1368927484,1080,2408,3
jfzxugsgnnvsrsg6,22095RA98C,480 Mbps,AMD Ryzen 5 5500,6.17.0-23-generic,phase0-2026-05-20,A_screencap_pull,15,1345461241,1080,2408,3
jfzxugsgnnvsrsg6,22095RA98C,480 Mbps,AMD Ryzen 5 5500,6.17.0-23-generic,phase0-2026-05-20,A_screencap_pull,16,1398272357,1080,2408,3
jfzxugsgnnvsrsg6,22095RA98C,480 Mbps,AMD Ryzen 5 5500,6.17.0-23-generic,phase0-2026-05-20,A_screencap_pull,17,1286934294,1080,2408,3
jfzxugsgnnvsrsg6,22095RA98C,480 Mbps,AMD Ryzen 5 5500,6.17.0-23-generic,phase0-2026-05-20,A_screencap_pull,18,1309311197,1080,2408,3
jfzxugsgnnvsrsg6,22095RA98C,480 Mbps,AMD Ryzen 5 5500,6.17.0-23-generic,phase0-2026-05-20,A_screencap_pull,19,1340313461,1080,2408,3
jfzxugsgnnvsrsg6,22095RA98C,480 Mbps,AMD Ryzen 5 5500,6.17.0-23-generic,phase0-2026-05-20,A_screencap_pull,20,1420273000,1080,2408,3
jfzxugsgnnvsrsg6,22095RA98C,480 Mbps,AMD Ryzen 5 5500,6.17.0-23-generic,phase0-2026-05-20,A_screencap_pull,21,1356833843,1080,2408,3
jfzxugsgnnvsrsg6,22095RA98C,480 Mbps,AMD Ryzen 5 5500,6.17.0-23-generic,phase0-2026-05-20,A_screencap_pull,22,1364012493,1080,2408,3
jfzxugsgnnvsrsg6,22095RA98C,480 Mbps,AMD Ryzen 5 5500,6.17.0-23-generic,phase0-2026-05-20,A_screencap_pull,23,1407956768,1080,2408,3
jfzxugsgnnvsrsg6,22095RA98C,480 Mbps,AMD Ryzen 5 5500,6.17.0-23-generic,phase0-2026-05-20,A_screencap_pull,24,1410741242,1080,2408,3
jfzxugsgnnvsrsg6,22095RA98C,480 Mbps,AMD Ryzen 5 5500,6.17.0-23-generic,phase0-2026-05-20,A_screencap_pull,25,1405170006,1080,2408,3
jfzxugsgnnvsrsg6,22095RA98C,480 Mbps,AMD Ryzen 5 5500,6.17.0-23-generic,phase0-2026-05-20,A_screencap_pull,26,1274904341,1080,2408,3
jfzxugsgnnvsrsg6,22095RA98C,480 Mbps,AMD Ryzen 5 5500,6.17.0-23-generic,phase0-2026-05-20,A_screencap_pull,27,1482022694,1080,2408,3
jfzxugsgnnvsrsg6,22095RA98C,480 Mbps,AMD Ryzen 5 5500,6.17.0-23-generic,phase0-2026-05-20,A_screencap_pull,28,1415270790,1080,2408,3
jfzxugsgnnvsrsg6,22095RA98C,480 Mbps,AMD Ryzen 5 5500,6.17.0-23-generic,phase0-2026-05-20,A_screencap_pull,29,1358928012,1080,2408,3
jfzxugsgnnvsrsg6,22095RA98C,480 Mbps,AMD Ryzen 5 5500,6.17.0-23-generic,phase0-2026-05-20,A_screencap_pull,30,1383409344,1080,2408,3
jfzxugsgnnvsrsg6,22095RA98C,480 Mbps,AMD Ryzen 5 5500,6.17.0-23-generic,phase0-2026-05-20,A_screencap_pull,31,1400472127,1080,2408,3
jfzxugsgnnvsrsg6,22095RA98C,480 Mbps,AMD Ryzen 5 5500,6.17.0-23-generic,phase0-2026-05-20,A_screencap_pull,32,1305531798,1080,2408,3
jfzxugsgnnvsrsg6,22095RA98C,480 Mbps,AMD Ryzen 5 5500,6.17.0-23-generic,phase0-2026-05-20,A_screencap_pull,33,1234812264,1080,2408,3
jfzxugsgnnvsrsg6,22095RA98C,480 Mbps,AMD Ryzen 5 5500,6.17.0-23-generic,phase0-2026-05-20,A_screencap_pull,34,1338401800,1080,2408,3
jfzxugsgnnvsrsg6,22095RA98C,480 Mbps,AMD Ryzen 5 5500,6.17.0-23-generic,phase0-2026-05-20,A_screencap_pull,35,1636066152,1080,2408,3
jfzxugsgnnvsrsg6,22095RA98C,480 Mbps,AMD Ryzen 5 5500,6.17.0-23-generic,phase0-2026-05-20,A_screencap_pull,36,1382740648,1080,2408,3
jfzxugsgnnvsrsg6,22095RA98C,480 Mbps,AMD Ryzen 5 5500,6.17.0-23-generic,phase0-2026-05-20,A_screencap_pull,37,1380320968,1080,2408,3
jfzxugsgnnvsrsg6,22095RA98C,480 Mbps,AMD Ryzen 5 5500,6.17.0-23-generic,phase0-2026-05-20,A_screencap_pull,38,1395629305,1080,2408,3
jfzxugsgnnvsrsg6,22095RA98C,480 Mbps,AMD Ryzen 5 5500,6.17.0-23-generic,phase0-2026-05-20,A_screencap_pull,39,1358768170,1080,2408,3
jfzxugsgnnvsrsg6,22095RA98C,480 Mbps,AMD Ryzen 5 5500,6.17.0-23-generic,phase0-2026-05-20,A_screencap_pull,40,1418477959,1080,2408,3
jfzxugsgnnvsrsg6,22095RA98C,480 Mbps,AMD Ryzen 5 5500,6.17.0-23-generic,phase0-2026-05-20,A_screencap_pull,41,1331844612,1080,2408,3
jfzxugsgnnvsrsg6,22095RA98C,480 Mbps,AMD Ryzen 5 5500,6.17.0-23-generic,phase0-2026-05-20,A_screencap_pull,42,1308516144,1080,2408,3
jfzxugsgnnvsrsg6,22095RA98C,480 Mbps,AMD Ryzen 5 5500,6.17.0-23-generic,phase0-2026-05-20,A_screencap_pull,43,1376429834,1080,2408,3
jfzxugsgnnvsrsg6,22095RA98C,480 Mbps,AMD Ryzen 5 5500,6.17.0-23-generic,phase0-2026-05-20,A_screencap_pull,44,1251248803,1080,2408,3
jfzxugsgnnvsrsg6,22095RA98C,480 Mbps,AMD Ryzen 5 5500,6.17.0-23-generic,phase0-2026-05-20,A_screencap_pull,45,1315515626,1080,2408,3
jfzxugsgnnvsrsg6,22095RA98C,480 Mbps,AMD Ryzen 5 5500,6.17.0-23-generic,phase0-2026-05-20,A_screencap_pull,46,1448873317,1080,2408,3
jfzxugsgnnvsrsg6,22095RA98C,480 Mbps,AMD Ryzen 5 5500,6.17.0-23-generic,phase0-2026-05-20,A_screencap_pull,47,1316351416,1080,2408,3
jfzxugsgnnvsrsg6,22095RA98C,480 Mbps,AMD Ryzen 5 5500,6.17.0-23-generic,phase0-2026-05-20,A_screencap_pull,48,1437274297,1080,2408,3
jfzxugsgnnvsrsg6,22095RA98C,480 Mbps,AMD Ryzen 5 5500,6.17.0-23-generic,phase0-2026-05-20,A_screencap_pull,49,1415639507,1080,2408,3
jfzxugsgnnvsrsg6,22095RA98C,480 Mbps,AMD Ryzen 5 5500,6.17.0-23-generic,phase0-2026-05-20,A_screencap_pull,50,1200032233,1080,2408,3
jfzxugsgnnvsrsg6,22095RA98C,480 Mbps,AMD Ryzen 5 5500,6.17.0-23-generic,phase0-2026-05-20,A_screencap_pull,51,1256942169,1080,2408,3
jfzxugsgnnvsrsg6,22095RA98C,480 Mbps,AMD Ryzen 5 5500,6.17.0-23-generic,phase0-2026-05-20,A_screencap_pull,52,1400223747,1080,2408,3
jfzxugsgnnvsrsg6,22095RA98C,480 Mbps,AMD Ryzen 5 5500,6.17.0-23-generic,phase0-2026-05-20,A_screencap_pull,53,1325849580,1080,2408,3
jfzxugsgnnvsrsg6,22095RA98C,480 Mbps,AMD Ryzen 5 5500,6.17.0-23-generic,phase0-2026-05-20,A_screencap_pull,54,1251808234,1080,2408,3
jfzxugsgnnvsrsg6,22095RA98C,480 Mbps,AMD Ryzen 5 5500,6.17.0-23-generic,phase0-2026-05-20,A_screencap_pull,55,1433496368,1080,2408,3
jfzxugsgnnvsrsg6,22095RA98C,480 Mbps,AMD Ryzen 5 5500,6.17.0-23-generic,phase0-2026-05-20,A_screencap_pull,56,1267321089,1080,2408,3
jfzxugsgnnvsrsg6,22095RA98C,480 Mbps,AMD Ryzen 5 5500,6.17.0-23-generic,phase0-2026-05-20,A_screencap_pull,57,1260804556,1080,2408,3
jfzxugsgnnvsrsg6,22095RA98C,480 Mbps,AMD Ryzen 5 5500,6.17.0-23-generic,phase0-2026-05-20,A_screencap_pull,58,1370287580,1080,2408,3
jfzxugsgnnvsrsg6,22095RA98C,480 Mbps,AMD Ryzen 5 5500,6.17.0-23-generic,phase0-2026-05-20,A_screencap_pull,59,1194284202,1080,2408,3
jfzxugsgnnvsrsg6,22095RA98C,480 Mbps,AMD Ryzen 5 5500,6.17.0-23-generic,phase0-2026-05-20,A_screencap_pull,60,1259256696,1080,2408,3
jfzxugsgnnvsrsg6,22095RA98C,480 Mbps,AMD Ryzen 5 5500,6.17.0-23-generic,phase0-2026-05-20,A_screencap_pull,61,1370813172,1080,2408,3
jfzxugsgnnvsrsg6,22095RA98C,480 Mbps,AMD Ryzen 5 5500,6.17.0-23-generic,phase0-2026-05-20,A_screencap_pull,62,1378836286,1080,2408,3
jfzxugsgnnvsrsg6,22095RA98C,480 Mbps,AMD Ryzen 5 5500,6.17.0-23-generic,phase0-2026-05-20,A_screencap_pull,63,1342599547,1080,2408,3
jfzxugsgnnvsrsg6,22095RA98C,480 Mbps,AMD Ryzen 5 5500,6.17.0-23-generic,phase0-2026-05-20,A_screencap_pull,64,1403889866,1080,2408,3
jfzxugsgnnvsrsg6,22095RA98C,480 Mbps,AMD Ryzen 5 5500,6.17.0-23-generic,phase0-2026-05-20,A_screencap_pull,65,1389328271,1080,2408,3
jfzxugsgnnvsrsg6,22095RA98C,480 Mbps,AMD Ryzen 5 5500,6.17.0-23-generic,phase0-2026-05-20,A_screencap_pull,66,1286808217,1080,2408,3
jfzxugsgnnvsrsg6,22095RA98C,480 Mbps,AMD Ryzen 5 5500,6.17.0-23-generic,phase0-2026-05-20,A_screencap_pull,67,1312740692,1080,2408,3
jfzxugsgnnvsrsg6,22095RA98C,480 Mbps,AMD Ryzen 5 5500,6.17.0-23-generic,phase0-2026-05-20,A_screencap_pull,68,1510743892,1080,2408,3
jfzxugsgnnvsrsg6,22095RA98C,480 Mbps,AMD Ryzen 5 5500,6.17.0-23-generic,phase0-2026-05-20,A_screencap_pull,69,1355826436,1080,2408,3
jfzxugsgnnvsrsg6,22095RA98C,480 Mbps,AMD Ryzen 5 5500,6.17.0-23-generic,phase0-2026-05-20,A_screencap_pull,70,1371121005,1080,2408,3
jfzxugsgnnvsrsg6,22095RA98C,480 Mbps,AMD Ryzen 5 5500,6.17.0-23-generic,phase0-2026-05-20,A_screencap_pull,71,1274315703,1080,2408,3
jfzxugsgnnvsrsg6,22095RA98C,480 Mbps,AMD Ryzen 5 5500,6.17.0-23-generic,phase0-2026-05-20,A_screencap_pull,72,1236413738,1080,2408,3
jfzxugsgnnvsrsg6,22095RA98C,480 Mbps,AMD Ryzen 5 5500,6.17.0-23-generic,phase0-2026-05-20,A_screencap_pull,73,1459565398,1080,2408,3
jfzxugsgnnvsrsg6,22095RA98C,480 Mbps,AMD Ryzen 5 5500,6.17.0-23-generic,phase0-2026-05-20,A_screencap_pull,74,1271690702,1080,2408,3
jfzxugsgnnvsrsg6,22095RA98C,480 Mbps,AMD Ryzen 5 5500,6.17.0-23-generic,phase0-2026-05-20,A_screencap_pull,75,1381723302,1080,2408,3
jfzxugsgnnvsrsg6,22095RA98C,480 Mbps,AMD Ryzen 5 5500,6.17.0-23-generic,phase0-2026-05-20,A_screencap_pull,76,1250909045,1080,2408,3
jfzxugsgnnvsrsg6,22095RA98C,480 Mbps,AMD Ryzen 5 5500,6.17.0-23-generic,phase0-2026-05-20,A_screencap_pull,77,1389518706,1080,2408,3
jfzxugsgnnvsrsg6,22095RA98C,480 Mbps,AMD Ryzen 5 5500,6.17.0-23-generic,phase0-2026-05-20,A_screencap_pull,78,1248956558,1080,2408,3
jfzxugsgnnvsrsg6,22095RA98C,480 Mbps,AMD Ryzen 5 5500,6.17.0-23-generic,phase0-2026-05-20,A_screencap_pull,79,1333467691,1080,2408,3
jfzxugsgnnvsrsg6,22095RA98C,480 Mbps,AMD Ryzen 5 5500,6.17.0-23-generic,phase0-2026-05-20,A_screencap_pull,80,1387532581,1080,2408,3
jfzxugsgnnvsrsg6,22095RA98C,480 Mbps,AMD Ryzen 5 5500,6.17.0-23-generic,phase0-2026-05-20,A_screencap_pull,81,1437615867,1080,2408,3
jfzxugsgnnvsrsg6,22095RA98C,480 Mbps,AMD Ryzen 5 5500,6.17.0-23-generic,phase0-2026-05-20,A_screencap_pull,82,1361681601,1080,2408,3
jfzxugsgnnvsrsg6,22095RA98C,480 Mbps,AMD Ryzen 5 5500,6.17.0-23-generic,phase0-2026-05-20,A_screencap_pull,83,1399580813,1080,2408,3
jfzxugsgnnvsrsg6,22095RA98C,480 Mbps,AMD Ryzen 5 5500,6.17.0-23-generic,phase0-2026-05-20,A_screencap_pull,84,1255021429,1080,2408,3
jfzxugsgnnvsrsg6,22095RA98C,480 Mbps,AMD Ryzen 5 5500,6.17.0-23-generic,phase0-2026-05-20,A_screencap_pull,85,1345899954,1080,2408,3
jfzxugsgnnvsrsg6,22095RA98C,480 Mbps,AMD Ryzen 5 5500,6.17.0-23-generic,phase0-2026-05-20,A_screencap_pull,86,1321126472,1080,2408,3
jfzxugsgnnvsrsg6,22095RA98C,480 Mbps,AMD Ryzen 5 5500,6.17.0-23-generic,phase0-2026-05-20,A_screencap_pull,87,1416388491,1080,2408,3
jfzxugsgnnvsrsg6,22095RA98C,480 Mbps,AMD Ryzen 5 5500,6.17.0-23-generic,phase0-2026-05-20,A_screencap_pull,88,1317350635,1080,2408,3
jfzxugsgnnvsrsg6,22095RA98C,480 Mbps,AMD Ryzen 5 5500,6.17.0-23-generic,phase0-2026-05-20,A_screencap_pull,89,1499864558,1080,2408,3
jfzxugsgnnvsrsg6,22095RA98C,480 Mbps,AMD Ryzen 5 5500,6.17.0-23-generic,phase0-2026-05-20,A_screencap_pull,90,1414303330,1080,2408,3
jfzxugsgnnvsrsg6,22095RA98C,480 Mbps,AMD Ryzen 5 5500,6.17.0-23-generic,phase0-2026-05-20,A_screencap_pull,91,1276518708,1080,2408,3
jfzxugsgnnvsrsg6,22095RA98C,480 Mbps,AMD Ryzen 5 5500,6.17.0-23-generic,phase0-2026-05-20,A_screencap_pull,92,1423556641,1080,2408,3
jfzxugsgnnvsrsg6,22095RA98C,480 Mbps,AMD Ryzen 5 5500,6.17.0-23-generic,phase0-2026-05-20,A_screencap_pull,93,1258007038,1080,2408,3
jfzxugsgnnvsrsg6,22095RA98C,480 Mbps,AMD Ryzen 5 5500,6.17.0-23-generic,phase0-2026-05-20,A_screencap_pull,94,1377839907,1080,2408,3
jfzxugsgnnvsrsg6,22095RA98C,480 Mbps,AMD Ryzen 5 5500,6.17.0-23-generic,phase0-2026-05-20,A_screencap_pull,95,1260301325,1080,2408,3
jfzxugsgnnvsrsg6,22095RA98C,480 Mbps,AMD Ryzen 5 5500,6.17.0-23-generic,phase0-2026-05-20,A_screencap_pull,96,1380914251,1080,2408,3
jfzxugsgnnvsrsg6,22095RA98C,480 Mbps,AMD Ryzen 5 5500,6.17.0-23-generic,phase0-2026-05-20,A_screencap_pull,97,1373203821,1080,2408,3
jfzxugsgnnvsrsg6,22095RA98C,480 Mbps,AMD Ryzen 5 5500,6.17.0-23-generic,phase0-2026-05-20,A_screencap_pull,98,1281877602,1080,2408,3
jfzxugsgnnvsrsg6,22095RA98C,480 Mbps,AMD Ryzen 5 5500,6.17.0-23-generic,phase0-2026-05-20,A_screencap_pull,99,1458749279,1080,2408,3
jfzxugsgnnvsrsg6,22095RA98C,480 Mbps,AMD Ryzen 5 5500,6.17.0-23-generic,phase0-2026-05-20,A_screencap_pull,100,1448853903,1080,2408,3
jfzxugsgnnvsrsg6,22095RA98C,480 Mbps,AMD Ryzen 5 5500,6.17.0-23-generic,phase0-2026-05-20,A_screencap_pull,101,1257031174,1080,2408,3
jfzxugsgnnvsrsg6,22095RA98C,480 Mbps,AMD Ryzen 5 5500,6.17.0-23-generic,phase0-2026-05-20,A_screencap_pull,102,1337324373,1080,2408,3
jfzxugsgnnvsrsg6,22095RA98C,480 Mbps,AMD Ryzen 5 5500,6.17.0-23-generic,phase0-2026-05-20,A_screencap_pull,103,1471074899,1080,2408,3
jfzxugsgnnvsrsg6,22095RA98C,480 Mbps,AMD Ryzen 5 5500,6.17.0-23-generic,phase0-2026-05-20,A_screencap_pull,104,1334944257,1080,2408,3
jfzxugsgnnvsrsg6,22095RA98C,480 Mbps,AMD Ryzen 5 5500,6.17.0-23-generic,phase0-2026-05-20,A_screencap_pull,105,1324749012,1080,2408,3
jfzxugsgnnvsrsg6,22095RA98C,480 Mbps,AMD Ryzen 5 5500,6.17.0-23-generic,phase0-2026-05-20,A_screencap_pull,106,1206513053,1080,2408,3
jfzxugsgnnvsrsg6,22095RA98C,480 Mbps,AMD Ryzen 5 5500,6.17.0-23-generic,phase0-2026-05-20,A_screencap_pull,107,1305958504,1080,2408,3
jfzxugsgnnvsrsg6,22095RA98C,480 Mbps,AMD Ryzen 5 5500,6.17.0-23-generic,phase0-2026-05-20,A_screencap_pull,108,1391386385,1080,2408,3
jfzxugsgnnvsrsg6,22095RA98C,480 Mbps,AMD Ryzen 5 5500,6.17.0-23-generic,phase0-2026-05-20,A_screencap_pull,109,1381822809,1080,2408,3
jfzxugsgnnvsrsg6,22095RA98C,480 Mbps,AMD Ryzen 5 5500,6.17.0-23-generic,phase0-2026-05-20,A_screencap_pull,110,1286675518,1080,2408,3
jfzxugsgnnvsrsg6,22095RA98C,480 Mbps,AMD Ryzen 5 5500,6.17.0-23-generic,phase0-2026-05-20,A_screencap_pull,111,1249256060,1080,2408,3
jfzxugsgnnvsrsg6,22095RA98C,480 Mbps,AMD Ryzen 5 5500,6.17.0-23-generic,phase0-2026-05-20,A_screencap_pull,112,1383939506,1080,2408,3
jfzxugsgnnvsrsg6,22095RA98C,480 Mbps,AMD Ryzen 5 5500,6.17.0-23-generic,phase0-2026-05-20,A_screencap_pull,113,1270381935,1080,2408,3
jfzxugsgnnvsrsg6,22095RA98C,480 Mbps,AMD Ryzen 5 5500,6.17.0-23-generic,phase0-2026-05-20,A_screencap_pull,114,1370885480,1080,2408,3
jfzxugsgnnvsrsg6,22095RA98C,480 Mbps,AMD Ryzen 5 5500,6.17.0-23-generic,phase0-2026-05-20,A_screencap_pull,115,1409543591,1080,2408,3
jfzxugsgnnvsrsg6,22095RA98C,480 Mbps,AMD Ryzen 5 5500,6.17.0-23-generic,phase0-2026-05-20,A_screencap_pull,116,1343153083,1080,2408,3
jfzxugsgnnvsrsg6,22095RA98C,480 Mbps,AMD Ryzen 5 5500,6.17.0-23-generic,phase0-2026-05-20,A_screencap_pull,117,1234682736,1080,2408,3
jfzxugsgnnvsrsg6,22095RA98C,480 Mbps,AMD Ryzen 5 5500,6.17.0-23-generic,phase0-2026-05-20,A_screencap_pull,118,1356704580,1080,2408,3
jfzxugsgnnvsrsg6,22095RA98C,480 Mbps,AMD Ryzen 5 5500,6.17.0-23-generic,phase0-2026-05-20,A_screencap_pull,119,1352314684,1080,2408,3
jfzxugsgnnvsrsg6,22095RA98C,480 Mbps,AMD Ryzen 5 5500,6.17.0-23-generic,phase0-2026-05-20,A_screencap_pull,120,1409451241,1080,2408,3
jfzxugsgnnvsrsg6,22095RA98C,480 Mbps,AMD Ryzen 5 5500,6.17.0-23-generic,phase0-2026-05-20,A_screencap_pull,121,1406498674,1080,2408,3
jfzxugsgnnvsrsg6,22095RA98C,480 Mbps,AMD Ryzen 5 5500,6.17.0-23-generic,phase0-2026-05-20,A_screencap_pull,122,1370502542,1080,2408,3
jfzxugsgnnvsrsg6,22095RA98C,480 Mbps,AMD Ryzen 5 5500,6.17.0-23-generic,phase0-2026-05-20,A_screencap_pull,123,1416572739,1080,2408,3
jfzxugsgnnvsrsg6,22095RA98C,480 Mbps,AMD Ryzen 5 5500,6.17.0-23-generic,phase0-2026-05-20,A_screencap_pull,124,1343021908,1080,2408,3
jfzxugsgnnvsrsg6,22095RA98C,480 Mbps,AMD Ryzen 5 5500,6.17.0-23-generic,phase0-2026-05-20,A_screencap_pull,125,1371714125,1080,2408,3
jfzxugsgnnvsrsg6,22095RA98C,480 Mbps,AMD Ryzen 5 5500,6.17.0-23-generic,phase0-2026-05-20,A_screencap_pull,126,1436876867,1080,2408,3
jfzxugsgnnvsrsg6,22095RA98C,480 Mbps,AMD Ryzen 5 5500,6.17.0-23-generic,phase0-2026-05-20,A_screencap_pull,127,1268150685,1080,2408,3
jfzxugsgnnvsrsg6,22095RA98C,480 Mbps,AMD Ryzen 5 5500,6.17.0-23-generic,phase0-2026-05-20,A_screencap_pull,128,1297581909,1080,2408,3
jfzxugsgnnvsrsg6,22095RA98C,480 Mbps,AMD Ryzen 5 5500,6.17.0-23-generic,phase0-2026-05-20,A_screencap_pull,129,1376633571,1080,2408,3
jfzxugsgnnvsrsg6,22095RA98C,480 Mbps,AMD Ryzen 5 5500,6.17.0-23-generic,phase0-2026-05-20,A_screencap_pull,130,1228514769,1080,2408,3
jfzxugsgnnvsrsg6,22095RA98C,480 Mbps,AMD Ryzen 5 5500,6.17.0-23-generic,phase0-2026-05-20,A_screencap_pull,131,1364873816,1080,2408,3
jfzxugsgnnvsrsg6,22095RA98C,480 Mbps,AMD Ryzen 5 5500,6.17.0-23-generic,phase0-2026-05-20,A_screencap_pull,132,1305609457,1080,2408,3
jfzxugsgnnvsrsg6,22095RA98C,480 Mbps,AMD Ryzen 5 5500,6.17.0-23-generic,phase0-2026-05-20,A_screencap_pull,133,1388921681,1080,2408,3
jfzxugsgnnvsrsg6,22095RA98C,480 Mbps,AMD Ryzen 5 5500,6.17.0-23-generic,phase0-2026-05-20,A_screencap_pull,134,1412629167,1080,2408,3
jfzxugsgnnvsrsg6,22095RA98C,480 Mbps,AMD Ryzen 5 5500,6.17.0-23-generic,phase0-2026-05-20,A_screencap_pull,135,1397455799,1080,2408,3
jfzxugsgnnvsrsg6,22095RA98C,480 Mbps,AMD Ryzen 5 5500,6.17.0-23-generic,phase0-2026-05-20,A_screencap_pull,136,1234086402,1080,2408,3
jfzxugsgnnvsrsg6,22095RA98C,480 Mbps,AMD Ryzen 5 5500,6.17.0-23-generic,phase0-2026-05-20,A_screencap_pull,137,1276811284,1080,2408,3
jfzxugsgnnvsrsg6,22095RA98C,480 Mbps,AMD Ryzen 5 5500,6.17.0-23-generic,phase0-2026-05-20,A_screencap_pull,138,1260086429,1080,2408,3
jfzxugsgnnvsrsg6,22095RA98C,480 Mbps,AMD Ryzen 5 5500,6.17.0-23-generic,phase0-2026-05-20,A_screencap_pull,139,1379161216,1080,2408,3
jfzxugsgnnvsrsg6,22095RA98C,480 Mbps,AMD Ryzen 5 5500,6.17.0-23-generic,phase0-2026-05-20,A_screencap_pull,140,1406816607,1080,2408,3
jfzxugsgnnvsrsg6,22095RA98C,480 Mbps,AMD Ryzen 5 5500,6.17.0-23-generic,phase0-2026-05-20,A_screencap_pull,141,1293095966,1080,2408,3
jfzxugsgnnvsrsg6,22095RA98C,480 Mbps,AMD Ryzen 5 5500,6.17.0-23-generic,phase0-2026-05-20,A_screencap_pull,142,1157416906,1080,2408,3
jfzxugsgnnvsrsg6,22095RA98C,480 Mbps,AMD Ryzen 5 5500,6.17.0-23-generic,phase0-2026-05-20,A_screencap_pull,143,1225093427,1080,2408,3
jfzxugsgnnvsrsg6,22095RA98C,480 Mbps,AMD Ryzen 5 5500,6.17.0-23-generic,phase0-2026-05-20,A_screencap_pull,144,1243264454,1080,2408,3
jfzxugsgnnvsrsg6,22095RA98C,480 Mbps,AMD Ryzen 5 5500,6.17.0-23-generic,phase0-2026-05-20,A_screencap_pull,145,1310456740,1080,2408,3
jfzxugsgnnvsrsg6,22095RA98C,480 Mbps,AMD Ryzen 5 5500,6.17.0-23-generic,phase0-2026-05-20,A_screencap_pull,146,1419403906,1080,2408,3
jfzxugsgnnvsrsg6,22095RA98C,480 Mbps,AMD Ryzen 5 5500,6.17.0-23-generic,phase0-2026-05-20,A_screencap_pull,147,1390728537,1080,2408,3
jfzxugsgnnvsrsg6,22095RA98C,480 Mbps,AMD Ryzen 5 5500,6.17.0-23-generic,phase0-2026-05-20,A_screencap_pull,148,1440294860,1080,2408,3
jfzxugsgnnvsrsg6,22095RA98C,480 Mbps,AMD Ryzen 5 5500,6.17.0-23-generic,phase0-2026-05-20,A_screencap_pull,149,1345749170,1080,2408,3
jfzxugsgnnvsrsg6,22095RA98C,480 Mbps,AMD Ryzen 5 5500,6.17.0-23-generic,phase0-2026-05-20,A_screencap_pull,150,1303032291,1080,2408,3
jfzxugsgnnvsrsg6,22095RA98C,480 Mbps,AMD Ryzen 5 5500,6.17.0-23-generic,phase0-2026-05-20,A_screencap_pull,151,1360549488,1080,2408,3
jfzxugsgnnvsrsg6,22095RA98C,480 Mbps,AMD Ryzen 5 5500,6.17.0-23-generic,phase0-2026-05-20,A_screencap_pull,152,1399484663,1080,2408,3
jfzxugsgnnvsrsg6,22095RA98C,480 Mbps,AMD Ryzen 5 5500,6.17.0-23-generic,phase0-2026-05-20,A_screencap_pull,153,1330971185,1080,2408,3
jfzxugsgnnvsrsg6,22095RA98C,480 Mbps,AMD Ryzen 5 5500,6.17.0-23-generic,phase0-2026-05-20,A_screencap_pull,154,1352675559,1080,2408,3
jfzxugsgnnvsrsg6,22095RA98C,480 Mbps,AMD Ryzen 5 5500,6.17.0-23-generic,phase0-2026-05-20,A_screencap_pull,155,1392619568,1080,2408,3
jfzxugsgnnvsrsg6,22095RA98C,480 Mbps,AMD Ryzen 5 5500,6.17.0-23-generic,phase0-2026-05-20,A_screencap_pull,156,1395133312,1080,2408,3
jfzxugsgnnvsrsg6,22095RA98C,480 Mbps,AMD Ryzen 5 5500,6.17.0-23-generic,phase0-2026-05-20,A_screencap_pull,157,1450037558,1080,2408,3
jfzxugsgnnvsrsg6,22095RA98C,480 Mbps,AMD Ryzen 5 5500,6.17.0-23-generic,phase0-2026-05-20,A_screencap_pull,158,1247065867,1080,2408,3
jfzxugsgnnvsrsg6,22095RA98C,480 Mbps,AMD Ryzen 5 5500,6.17.0-23-generic,phase0-2026-05-20,A_screencap_pull,159,1280731827,1080,2408,3
jfzxugsgnnvsrsg6,22095RA98C,480 Mbps,AMD Ryzen 5 5500,6.17.0-23-generic,phase0-2026-05-20,A_screencap_pull,160,1351915523,1080,2408,3
jfzxugsgnnvsrsg6,22095RA98C,480 Mbps,AMD Ryzen 5 5500,6.17.0-23-generic,phase0-2026-05-20,A_screencap_pull,161,1233439854,1080,2408,3
jfzxugsgnnvsrsg6,22095RA98C,480 Mbps,AMD Ryzen 5 5500,6.17.0-23-generic,phase0-2026-05-20,A_screencap_pull,162,1371632349,1080,2408,3
jfzxugsgnnvsrsg6,22095RA98C,480 Mbps,AMD Ryzen 5 5500,6.17.0-23-generic,phase0-2026-05-20,A_screencap_pull,163,1392424906,1080,2408,3
jfzxugsgnnvsrsg6,22095RA98C,480 Mbps,AMD Ryzen 5 5500,6.17.0-23-generic,phase0-2026-05-20,A_screencap_pull,164,1394466739,1080,2408,3
jfzxugsgnnvsrsg6,22095RA98C,480 Mbps,AMD Ryzen 5 5500,6.17.0-23-generic,phase0-2026-05-20,A_screencap_pull,165,1245078327,1080,2408,3
jfzxugsgnnvsrsg6,22095RA98C,480 Mbps,AMD Ryzen 5 5500,6.17.0-23-generic,phase0-2026-05-20,A_screencap_pull,166,1244194609,1080,2408,3
jfzxugsgnnvsrsg6,22095RA98C,480 Mbps,AMD Ryzen 5 5500,6.17.0-23-generic,phase0-2026-05-20,A_screencap_pull,167,1519531199,1080,2408,3
jfzxugsgnnvsrsg6,22095RA98C,480 Mbps,AMD Ryzen 5 5500,6.17.0-23-generic,phase0-2026-05-20,A_screencap_pull,168,1425506820,1080,2408,3
jfzxugsgnnvsrsg6,22095RA98C,480 Mbps,AMD Ryzen 5 5500,6.17.0-23-generic,phase0-2026-05-20,A_screencap_pull,169,1442217367,1080,2408,3
jfzxugsgnnvsrsg6,22095RA98C,480 Mbps,AMD Ryzen 5 5500,6.17.0-23-generic,phase0-2026-05-20,A_screencap_pull,170,1305853972,1080,2408,3
jfzxugsgnnvsrsg6,22095RA98C,480 Mbps,AMD Ryzen 5 5500,6.17.0-23-generic,phase0-2026-05-20,A_screencap_pull,171,1622751588,1080,2408,3
jfzxugsgnnvsrsg6,22095RA98C,480 Mbps,AMD Ryzen 5 5500,6.17.0-23-generic,phase0-2026-05-20,A_screencap_pull,172,1269065613,1080,2408,3
jfzxugsgnnvsrsg6,22095RA98C,480 Mbps,AMD Ryzen 5 5500,6.17.0-23-generic,phase0-2026-05-20,A_screencap_pull,173,1234532235,1080,2408,3
jfzxugsgnnvsrsg6,22095RA98C,480 Mbps,AMD Ryzen 5 5500,6.17.0-23-generic,phase0-2026-05-20,A_screencap_pull,174,1564303657,1080,2408,3
jfzxugsgnnvsrsg6,22095RA98C,480 Mbps,AMD Ryzen 5 5500,6.17.0-23-generic,phase0-2026-05-20,A_screencap_pull,175,1368588758,1080,2408,3
jfzxugsgnnvsrsg6,22095RA98C,480 Mbps,AMD Ryzen 5 5500,6.17.0-23-generic,phase0-2026-05-20,A_screencap_pull,176,1504213589,1080,2408,3
jfzxugsgnnvsrsg6,22095RA98C,480 Mbps,AMD Ryzen 5 5500,6.17.0-23-generic,phase0-2026-05-20,A_screencap_pull,177,1394610430,1080,2408,3
jfzxugsgnnvsrsg6,22095RA98C,480 Mbps,AMD Ryzen 5 5500,6.17.0-23-generic,phase0-2026-05-20,A_screencap_pull,178,1265413446,1080,2408,3
jfzxugsgnnvsrsg6,22095RA98C,480 Mbps,AMD Ryzen 5 5500,6.17.0-23-generic,phase0-2026-05-20,A_screencap_pull,179,1383152025,1080,2408,3
jfzxugsgnnvsrsg6,22095RA98C,480 Mbps,AMD Ryzen 5 5500,6.17.0-23-generic,phase0-2026-05-20,A_screencap_pull,180,1365898327,1080,2408,3
jfzxugsgnnvsrsg6,22095RA98C,480 Mbps,AMD Ryzen 5 5500,6.17.0-23-generic,phase0-2026-05-20,A_screencap_pull,181,1372359340,1080,2408,3
jfzxugsgnnvsrsg6,22095RA98C,480 Mbps,AMD Ryzen 5 5500,6.17.0-23-generic,phase0-2026-05-20,A_screencap_pull,182,1408919257,1080,2408,3
jfzxugsgnnvsrsg6,22095RA98C,480 Mbps,AMD Ryzen 5 5500,6.17.0-23-generic,phase0-2026-05-20,A_screencap_pull,183,1422833914,1080,2408,3
jfzxugsgnnvsrsg6,22095RA98C,480 Mbps,AMD Ryzen 5 5500,6.17.0-23-generic,phase0-2026-05-20,A_screencap_pull,184,1209103959,1080,2408,3
jfzxugsgnnvsrsg6,22095RA98C,480 Mbps,AMD Ryzen 5 5500,6.17.0-23-generic,phase0-2026-05-20,A_screencap_pull,185,1330820829,1080,2408,3
jfzxugsgnnvsrsg6,22095RA98C,480 Mbps,AMD Ryzen 5 5500,6.17.0-23-generic,phase0-2026-05-20,A_screencap_pull,186,1294149366,1080,2408,3
jfzxugsgnnvsrsg6,22095RA98C,480 Mbps,AMD Ryzen 5 5500,6.17.0-23-generic,phase0-2026-05-20,A_screencap_pull,187,1278528193,1080,2408,3
jfzxugsgnnvsrsg6,22095RA98C,480 Mbps,AMD Ryzen 5 5500,6.17.0-23-generic,phase0-2026-05-20,A_screencap_pull,188,1421002467,1080,2408,3
jfzxugsgnnvsrsg6,22095RA98C,480 Mbps,AMD Ryzen 5 5500,6.17.0-23-generic,phase0-2026-05-20,A_screencap_pull,189,1286616813,1080,2408,3
jfzxugsgnnvsrsg6,22095RA98C,480 Mbps,AMD Ryzen 5 5500,6.17.0-23-generic,phase0-2026-05-20,A_screencap_pull,190,1434937910,1080,2408,3
jfzxugsgnnvsrsg6,22095RA98C,480 Mbps,AMD Ryzen 5 5500,6.17.0-23-generic,phase0-2026-05-20,A_screencap_pull,191,1254547795,1080,2408,3
jfzxugsgnnvsrsg6,22095RA98C,480 Mbps,AMD Ryzen 5 5500,6.17.0-23-generic,phase0-2026-05-20,A_screencap_pull,192,1232875014,1080,2408,3
jfzxugsgnnvsrsg6,22095RA98C,480 Mbps,AMD Ryzen 5 5500,6.17.0-23-generic,phase0-2026-05-20,A_screencap_pull,193,1330163874,1080,2408,3
jfzxugsgnnvsrsg6,22095RA98C,480 Mbps,AMD Ryzen 5 5500,6.17.0-23-generic,phase0-2026-05-20,A_screencap_pull,194,1400199145,1080,2408,3
jfzxugsgnnvsrsg6,22095RA98C,480 Mbps,AMD Ryzen 5 5500,6.17.0-23-generic,phase0-2026-05-20,A_screencap_pull,195,1367535137,1080,2408,3
jfzxugsgnnvsrsg6,22095RA98C,480 Mbps,AMD Ryzen 5 5500,6.17.0-23-generic,phase0-2026-05-20,A_screencap_pull,196,1282470364,1080,2408,3
jfzxugsgnnvsrsg6,22095RA98C,480 Mbps,AMD Ryzen 5 5500,6.17.0-23-generic,phase0-2026-05-20,A_screencap_pull,197,1479712120,1080,2408,3
jfzxugsgnnvsrsg6,22095RA98C,480 Mbps,AMD Ryzen 5 5500,6.17.0-23-generic,phase0-2026-05-20,A_screencap_pull,198,1230676887,1080,2408,3
jfzxugsgnnvsrsg6,22095RA98C,480 Mbps,AMD Ryzen 5 5500,6.17.0-23-generic,phase0-2026-05-20,A_screencap_pull,199,1261808661,1080,2408,3
jfzxugsgnnvsrsg6,22095RA98C,480 Mbps,AMD Ryzen 5 5500,6.17.0-23-generic,phase0-2026-05-20,B_exec_out_png,0,1370838047,1080,2408,3
jfzxugsgnnvsrsg6,22095RA98C,480 Mbps,AMD Ryzen 5 5500,6.17.0-23-generic,phase0-2026-05-20,B_exec_out_png,1,1357690875,1080,2408,3
jfzxugsgnnvsrsg6,22095RA98C,480 Mbps,AMD Ryzen 5 5500,6.17.0-23-generic,phase0-2026-05-20,B_exec_out_png,2,1337315517,1080,2408,3
jfzxugsgnnvsrsg6,22095RA98C,480 Mbps,AMD Ryzen 5 5500,6.17.0-23-generic,phase0-2026-05-20,B_exec_out_png,3,1489110104,1080,2408,3
jfzxugsgnnvsrsg6,22095RA98C,480 Mbps,AMD Ryzen 5 5500,6.17.0-23-generic,phase0-2026-05-20,B_exec_out_png,4,1368896074,1080,2408,3
jfzxugsgnnvsrsg6,22095RA98C,480 Mbps,AMD Ryzen 5 5500,6.17.0-23-generic,phase0-2026-05-20,B_exec_out_png,5,1390792202,1080,2408,3
jfzxugsgnnvsrsg6,22095RA98C,480 Mbps,AMD Ryzen 5 5500,6.17.0-23-generic,phase0-2026-05-20,B_exec_out_png,6,1276681116,1080,2408,3
jfzxugsgnnvsrsg6,22095RA98C,480 Mbps,AMD Ryzen 5 5500,6.17.0-23-generic,phase0-2026-05-20,B_exec_out_png,7,1286529647,1080,2408,3
jfzxugsgnnvsrsg6,22095RA98C,480 Mbps,AMD Ryzen 5 5500,6.17.0-23-generic,phase0-2026-05-20,B_exec_out_png,8,1345329429,1080,2408,3
jfzxugsgnnvsrsg6,22095RA98C,480 Mbps,AMD Ryzen 5 5500,6.17.0-23-generic,phase0-2026-05-20,B_exec_out_png,9,1326197007,1080,2408,3
jfzxugsgnnvsrsg6,22095RA98C,480 Mbps,AMD Ryzen 5 5500,6.17.0-23-generic,phase0-2026-05-20,B_exec_out_png,10,1313783452,1080,2408,3
jfzxugsgnnvsrsg6,22095RA98C,480 Mbps,AMD Ryzen 5 5500,6.17.0-23-generic,phase0-2026-05-20,B_exec_out_png,11,1283298741,1080,2408,3
jfzxugsgnnvsrsg6,22095RA98C,480 Mbps,AMD Ryzen 5 5500,6.17.0-23-generic,phase0-2026-05-20,B_exec_out_png,12,1286041959,1080,2408,3
jfzxugsgnnvsrsg6,22095RA98C,480 Mbps,AMD Ryzen 5 5500,6.17.0-23-generic,phase0-2026-05-20,B_exec_out_png,13,1365267237,1080,2408,3
jfzxugsgnnvsrsg6,22095RA98C,480 Mbps,AMD Ryzen 5 5500,6.17.0-23-generic,phase0-2026-05-20,B_exec_out_png,14,1317776192,1080,2408,3
jfzxugsgnnvsrsg6,22095RA98C,480 Mbps,AMD Ryzen 5 5500,6.17.0-23-generic,phase0-2026-05-20,B_exec_out_png,15,1280069929,1080,2408,3
jfzxugsgnnvsrsg6,22095RA98C,480 Mbps,AMD Ryzen 5 5500,6.17.0-23-generic,phase0-2026-05-20,B_exec_out_png,16,1265013690,1080,2408,3
jfzxugsgnnvsrsg6,22095RA98C,480 Mbps,AMD Ryzen 5 5500,6.17.0-23-generic,phase0-2026-05-20,B_exec_out_png,17,1259014134,1080,2408,3
jfzxugsgnnvsrsg6,22095RA98C,480 Mbps,AMD Ryzen 5 5500,6.17.0-23-generic,phase0-2026-05-20,B_exec_out_png,18,1322356932,1080,2408,3
jfzxugsgnnvsrsg6,22095RA98C,480 Mbps,AMD Ryzen 5 5500,6.17.0-23-generic,phase0-2026-05-20,B_exec_out_png,19,1289248162,1080,2408,3
jfzxugsgnnvsrsg6,22095RA98C,480 Mbps,AMD Ryzen 5 5500,6.17.0-23-generic,phase0-2026-05-20,B_exec_out_png,20,1260592855,1080,2408,3
jfzxugsgnnvsrsg6,22095RA98C,480 Mbps,AMD Ryzen 5 5500,6.17.0-23-generic,phase0-2026-05-20,B_exec_out_png,21,1288991582,1080,2408,3
jfzxugsgnnvsrsg6,22095RA98C,480 Mbps,AMD Ryzen 5 5500,6.17.0-23-generic,phase0-2026-05-20,B_exec_out_png,22,1277695465,1080,2408,3
jfzxugsgnnvsrsg6,22095RA98C,480 Mbps,AMD Ryzen 5 5500,6.17.0-23-generic,phase0-2026-05-20,B_exec_out_png,23,1271246750,1080,2408,3
jfzxugsgnnvsrsg6,22095RA98C,480 Mbps,AMD Ryzen 5 5500,6.17.0-23-generic,phase0-2026-05-20,B_exec_out_png,24,1251080124,1080,2408,3
jfzxugsgnnvsrsg6,22095RA98C,480 Mbps,AMD Ryzen 5 5500,6.17.0-23-generic,phase0-2026-05-20,B_exec_out_png,25,1251232357,1080,2408,3
jfzxugsgnnvsrsg6,22095RA98C,480 Mbps,AMD Ryzen 5 5500,6.17.0-23-generic,phase0-2026-05-20,B_exec_out_png,26,1270564457,1080,2408,3
jfzxugsgnnvsrsg6,22095RA98C,480 Mbps,AMD Ryzen 5 5500,6.17.0-23-generic,phase0-2026-05-20,B_exec_out_png,27,1241228364,1080,2408,3
jfzxugsgnnvsrsg6,22095RA98C,480 Mbps,AMD Ryzen 5 5500,6.17.0-23-generic,phase0-2026-05-20,B_exec_out_png,28,1227829674,1080,2408,3
jfzxugsgnnvsrsg6,22095RA98C,480 Mbps,AMD Ryzen 5 5500,6.17.0-23-generic,phase0-2026-05-20,B_exec_out_png,29,1315273273,1080,2408,3
jfzxugsgnnvsrsg6,22095RA98C,480 Mbps,AMD Ryzen 5 5500,6.17.0-23-generic,phase0-2026-05-20,B_exec_out_png,30,1220615025,1080,2408,3
jfzxugsgnnvsrsg6,22095RA98C,480 Mbps,AMD Ryzen 5 5500,6.17.0-23-generic,phase0-2026-05-20,B_exec_out_png,31,1351772410,1080,2408,3
jfzxugsgnnvsrsg6,22095RA98C,480 Mbps,AMD Ryzen 5 5500,6.17.0-23-generic,phase0-2026-05-20,B_exec_out_png,32,1221080699,1080,2408,3
jfzxugsgnnvsrsg6,22095RA98C,480 Mbps,AMD Ryzen 5 5500,6.17.0-23-generic,phase0-2026-05-20,B_exec_out_png,33,1274921765,1080,2408,3
jfzxugsgnnvsrsg6,22095RA98C,480 Mbps,AMD Ryzen 5 5500,6.17.0-23-generic,phase0-2026-05-20,B_exec_out_png,34,1310225746,1080,2408,3
jfzxugsgnnvsrsg6,22095RA98C,480 Mbps,AMD Ryzen 5 5500,6.17.0-23-generic,phase0-2026-05-20,B_exec_out_png,35,1389769371,1080,2408,3
jfzxugsgnnvsrsg6,22095RA98C,480 Mbps,AMD Ryzen 5 5500,6.17.0-23-generic,phase0-2026-05-20,B_exec_out_png,36,1316571495,1080,2408,3
jfzxugsgnnvsrsg6,22095RA98C,480 Mbps,AMD Ryzen 5 5500,6.17.0-23-generic,phase0-2026-05-20,B_exec_out_png,37,1289734043,1080,2408,3
jfzxugsgnnvsrsg6,22095RA98C,480 Mbps,AMD Ryzen 5 5500,6.17.0-23-generic,phase0-2026-05-20,B_exec_out_png,38,1298201438,1080,2408,3
jfzxugsgnnvsrsg6,22095RA98C,480 Mbps,AMD Ryzen 5 5500,6.17.0-23-generic,phase0-2026-05-20,B_exec_out_png,39,1349595750,1080,2408,3
jfzxugsgnnvsrsg6,22095RA98C,480 Mbps,AMD Ryzen 5 5500,6.17.0-23-generic,phase0-2026-05-20,B_exec_out_png,40,1339274795,1080,2408,3
jfzxugsgnnvsrsg6,22095RA98C,480 Mbps,AMD Ryzen 5 5500,6.17.0-23-generic,phase0-2026-05-20,B_exec_out_png,41,1398791000,1080,2408,3
jfzxugsgnnvsrsg6,22095RA98C,480 Mbps,AMD Ryzen 5 5500,6.17.0-23-generic,phase0-2026-05-20,B_exec_out_png,42,1265654662,1080,2408,3
jfzxugsgnnvsrsg6,22095RA98C,480 Mbps,AMD Ryzen 5 5500,6.17.0-23-generic,phase0-2026-05-20,B_exec_out_png,43,1369241770,1080,2408,3
jfzxugsgnnvsrsg6,22095RA98C,480 Mbps,AMD Ryzen 5 5500,6.17.0-23-generic,phase0-2026-05-20,B_exec_out_png,44,1323055505,1080,2408,3
jfzxugsgnnvsrsg6,22095RA98C,480 Mbps,AMD Ryzen 5 5500,6.17.0-23-generic,phase0-2026-05-20,B_exec_out_png,45,1652785612,1080,2408,3
jfzxugsgnnvsrsg6,22095RA98C,480 Mbps,AMD Ryzen 5 5500,6.17.0-23-generic,phase0-2026-05-20,B_exec_out_png,46,1554471399,1080,2408,3
jfzxugsgnnvsrsg6,22095RA98C,480 Mbps,AMD Ryzen 5 5500,6.17.0-23-generic,phase0-2026-05-20,B_exec_out_png,47,1394829828,1080,2408,3
jfzxugsgnnvsrsg6,22095RA98C,480 Mbps,AMD Ryzen 5 5500,6.17.0-23-generic,phase0-2026-05-20,B_exec_out_png,48,1224854347,1080,2408,3
jfzxugsgnnvsrsg6,22095RA98C,480 Mbps,AMD Ryzen 5 5500,6.17.0-23-generic,phase0-2026-05-20,B_exec_out_png,49,1537252209,1080,2408,3
jfzxugsgnnvsrsg6,22095RA98C,480 Mbps,AMD Ryzen 5 5500,6.17.0-23-generic,phase0-2026-05-20,B_exec_out_png,50,1220810584,1080,2408,3
jfzxugsgnnvsrsg6,22095RA98C,480 Mbps,AMD Ryzen 5 5500,6.17.0-23-generic,phase0-2026-05-20,B_exec_out_png,51,1336775017,1080,2408,3
jfzxugsgnnvsrsg6,22095RA98C,480 Mbps,AMD Ryzen 5 5500,6.17.0-23-generic,phase0-2026-05-20,B_exec_out_png,52,1288746067,1080,2408,3
jfzxugsgnnvsrsg6,22095RA98C,480 Mbps,AMD Ryzen 5 5500,6.17.0-23-generic,phase0-2026-05-20,B_exec_out_png,53,1343348708,1080,2408,3
jfzxugsgnnvsrsg6,22095RA98C,480 Mbps,AMD Ryzen 5 5500,6.17.0-23-generic,phase0-2026-05-20,B_exec_out_png,54,1330775704,1080,2408,3
jfzxugsgnnvsrsg6,22095RA98C,480 Mbps,AMD Ryzen 5 5500,6.17.0-23-generic,phase0-2026-05-20,B_exec_out_png,55,1367749955,1080,2408,3
jfzxugsgnnvsrsg6,22095RA98C,480 Mbps,AMD Ryzen 5 5500,6.17.0-23-generic,phase0-2026-05-20,B_exec_out_png,56,1308692517,1080,2408,3
jfzxugsgnnvsrsg6,22095RA98C,480 Mbps,AMD Ryzen 5 5500,6.17.0-23-generic,phase0-2026-05-20,B_exec_out_png,57,1324250314,1080,2408,3
jfzxugsgnnvsrsg6,22095RA98C,480 Mbps,AMD Ryzen 5 5500,6.17.0-23-generic,phase0-2026-05-20,B_exec_out_png,58,1369929350,1080,2408,3
jfzxugsgnnvsrsg6,22095RA98C,480 Mbps,AMD Ryzen 5 5500,6.17.0-23-generic,phase0-2026-05-20,B_exec_out_png,59,1279664066,1080,2408,3
jfzxugsgnnvsrsg6,22095RA98C,480 Mbps,AMD Ryzen 5 5500,6.17.0-23-generic,phase0-2026-05-20,B_exec_out_png,60,1373522173,1080,2408,3
jfzxugsgnnvsrsg6,22095RA98C,480 Mbps,AMD Ryzen 5 5500,6.17.0-23-generic,phase0-2026-05-20,B_exec_out_png,61,1289614578,1080,2408,3
jfzxugsgnnvsrsg6,22095RA98C,480 Mbps,AMD Ryzen 5 5500,6.17.0-23-generic,phase0-2026-05-20,B_exec_out_png,62,1361191753,1080,2408,3
jfzxugsgnnvsrsg6,22095RA98C,480 Mbps,AMD Ryzen 5 5500,6.17.0-23-generic,phase0-2026-05-20,B_exec_out_png,63,1354221143,1080,2408,3
jfzxugsgnnvsrsg6,22095RA98C,480 Mbps,AMD Ryzen 5 5500,6.17.0-23-generic,phase0-2026-05-20,B_exec_out_png,64,1291780446,1080,2408,3
jfzxugsgnnvsrsg6,22095RA98C,480 Mbps,AMD Ryzen 5 5500,6.17.0-23-generic,phase0-2026-05-20,B_exec_out_png,65,1273348795,1080,2408,3
jfzxugsgnnvsrsg6,22095RA98C,480 Mbps,AMD Ryzen 5 5500,6.17.0-23-generic,phase0-2026-05-20,B_exec_out_png,66,1365815402,1080,2408,3
jfzxugsgnnvsrsg6,22095RA98C,480 Mbps,AMD Ryzen 5 5500,6.17.0-23-generic,phase0-2026-05-20,B_exec_out_png,67,1332155239,1080,2408,3
jfzxugsgnnvsrsg6,22095RA98C,480 Mbps,AMD Ryzen 5 5500,6.17.0-23-generic,phase0-2026-05-20,B_exec_out_png,68,1348424091,1080,2408,3
jfzxugsgnnvsrsg6,22095RA98C,480 Mbps,AMD Ryzen 5 5500,6.17.0-23-generic,phase0-2026-05-20,B_exec_out_png,69,1408257205,1080,2408,3
jfzxugsgnnvsrsg6,22095RA98C,480 Mbps,AMD Ryzen 5 5500,6.17.0-23-generic,phase0-2026-05-20,B_exec_out_png,70,1288513413,1080,2408,3
jfzxugsgnnvsrsg6,22095RA98C,480 Mbps,AMD Ryzen 5 5500,6.17.0-23-generic,phase0-2026-05-20,B_exec_out_png,71,1334067904,1080,2408,3
jfzxugsgnnvsrsg6,22095RA98C,480 Mbps,AMD Ryzen 5 5500,6.17.0-23-generic,phase0-2026-05-20,B_exec_out_png,72,1310966407,1080,2408,3
jfzxugsgnnvsrsg6,22095RA98C,480 Mbps,AMD Ryzen 5 5500,6.17.0-23-generic,phase0-2026-05-20,B_exec_out_png,73,1356045958,1080,2408,3
jfzxugsgnnvsrsg6,22095RA98C,480 Mbps,AMD Ryzen 5 5500,6.17.0-23-generic,phase0-2026-05-20,B_exec_out_png,74,1365779099,1080,2408,3
jfzxugsgnnvsrsg6,22095RA98C,480 Mbps,AMD Ryzen 5 5500,6.17.0-23-generic,phase0-2026-05-20,B_exec_out_png,75,1380594411,1080,2408,3
jfzxugsgnnvsrsg6,22095RA98C,480 Mbps,AMD Ryzen 5 5500,6.17.0-23-generic,phase0-2026-05-20,B_exec_out_png,76,1265557185,1080,2408,3
jfzxugsgnnvsrsg6,22095RA98C,480 Mbps,AMD Ryzen 5 5500,6.17.0-23-generic,phase0-2026-05-20,B_exec_out_png,77,1290805789,1080,2408,3
jfzxugsgnnvsrsg6,22095RA98C,480 Mbps,AMD Ryzen 5 5500,6.17.0-23-generic,phase0-2026-05-20,B_exec_out_png,78,1278534199,1080,2408,3
jfzxugsgnnvsrsg6,22095RA98C,480 Mbps,AMD Ryzen 5 5500,6.17.0-23-generic,phase0-2026-05-20,B_exec_out_png,79,1303745417,1080,2408,3
jfzxugsgnnvsrsg6,22095RA98C,480 Mbps,AMD Ryzen 5 5500,6.17.0-23-generic,phase0-2026-05-20,B_exec_out_png,80,1277788132,1080,2408,3
jfzxugsgnnvsrsg6,22095RA98C,480 Mbps,AMD Ryzen 5 5500,6.17.0-23-generic,phase0-2026-05-20,B_exec_out_png,81,1244302173,1080,2408,3
jfzxugsgnnvsrsg6,22095RA98C,480 Mbps,AMD Ryzen 5 5500,6.17.0-23-generic,phase0-2026-05-20,B_exec_out_png,82,1218526546,1080,2408,3
jfzxugsgnnvsrsg6,22095RA98C,480 Mbps,AMD Ryzen 5 5500,6.17.0-23-generic,phase0-2026-05-20,B_exec_out_png,83,1273386327,1080,2408,3
jfzxugsgnnvsrsg6,22095RA98C,480 Mbps,AMD Ryzen 5 5500,6.17.0-23-generic,phase0-2026-05-20,B_exec_out_png,84,1255009778,1080,2408,3
jfzxugsgnnvsrsg6,22095RA98C,480 Mbps,AMD Ryzen 5 5500,6.17.0-23-generic,phase0-2026-05-20,B_exec_out_png,85,1262676244,1080,2408,3
jfzxugsgnnvsrsg6,22095RA98C,480 Mbps,AMD Ryzen 5 5500,6.17.0-23-generic,phase0-2026-05-20,B_exec_out_png,86,1298184116,1080,2408,3
jfzxugsgnnvsrsg6,22095RA98C,480 Mbps,AMD Ryzen 5 5500,6.17.0-23-generic,phase0-2026-05-20,B_exec_out_png,87,1271411295,1080,2408,3
jfzxugsgnnvsrsg6,22095RA98C,480 Mbps,AMD Ryzen 5 5500,6.17.0-23-generic,phase0-2026-05-20,B_exec_out_png,88,1335746981,1080,2408,3
jfzxugsgnnvsrsg6,22095RA98C,480 Mbps,AMD Ryzen 5 5500,6.17.0-23-generic,phase0-2026-05-20,B_exec_out_png,89,1362251953,1080,2408,3
jfzxugsgnnvsrsg6,22095RA98C,480 Mbps,AMD Ryzen 5 5500,6.17.0-23-generic,phase0-2026-05-20,B_exec_out_png,90,1300028704,1080,2408,3
jfzxugsgnnvsrsg6,22095RA98C,480 Mbps,AMD Ryzen 5 5500,6.17.0-23-generic,phase0-2026-05-20,B_exec_out_png,91,1296630883,1080,2408,3
jfzxugsgnnvsrsg6,22095RA98C,480 Mbps,AMD Ryzen 5 5500,6.17.0-23-generic,phase0-2026-05-20,B_exec_out_png,92,1517116374,1080,2408,3
jfzxugsgnnvsrsg6,22095RA98C,480 Mbps,AMD Ryzen 5 5500,6.17.0-23-generic,phase0-2026-05-20,B_exec_out_png,93,1286741040,1080,2408,3
jfzxugsgnnvsrsg6,22095RA98C,480 Mbps,AMD Ryzen 5 5500,6.17.0-23-generic,phase0-2026-05-20,B_exec_out_png,94,1358306100,1080,2408,3
jfzxugsgnnvsrsg6,22095RA98C,480 Mbps,AMD Ryzen 5 5500,6.17.0-23-generic,phase0-2026-05-20,B_exec_out_png,95,1259721371,1080,2408,3
jfzxugsgnnvsrsg6,22095RA98C,480 Mbps,AMD Ryzen 5 5500,6.17.0-23-generic,phase0-2026-05-20,B_exec_out_png,96,1286383860,1080,2408,3
jfzxugsgnnvsrsg6,22095RA98C,480 Mbps,AMD Ryzen 5 5500,6.17.0-23-generic,phase0-2026-05-20,B_exec_out_png,97,1316729837,1080,2408,3
jfzxugsgnnvsrsg6,22095RA98C,480 Mbps,AMD Ryzen 5 5500,6.17.0-23-generic,phase0-2026-05-20,B_exec_out_png,98,1341405042,1080,2408,3
jfzxugsgnnvsrsg6,22095RA98C,480 Mbps,AMD Ryzen 5 5500,6.17.0-23-generic,phase0-2026-05-20,B_exec_out_png,99,1301641295,1080,2408,3
jfzxugsgnnvsrsg6,22095RA98C,480 Mbps,AMD Ryzen 5 5500,6.17.0-23-generic,phase0-2026-05-20,B_exec_out_png,100,1321672656,1080,2408,3
jfzxugsgnnvsrsg6,22095RA98C,480 Mbps,AMD Ryzen 5 5500,6.17.0-23-generic,phase0-2026-05-20,B_exec_out_png,101,1335225601,1080,2408,3
jfzxugsgnnvsrsg6,22095RA98C,480 Mbps,AMD Ryzen 5 5500,6.17.0-23-generic,phase0-2026-05-20,B_exec_out_png,102,1298492929,1080,2408,3
jfzxugsgnnvsrsg6,22095RA98C,480 Mbps,AMD Ryzen 5 5500,6.17.0-23-generic,phase0-2026-05-20,B_exec_out_png,103,1376623241,1080,2408,3
jfzxugsgnnvsrsg6,22095RA98C,480 Mbps,AMD Ryzen 5 5500,6.17.0-23-generic,phase0-2026-05-20,B_exec_out_png,104,1630874751,1080,2408,3
jfzxugsgnnvsrsg6,22095RA98C,480 Mbps,AMD Ryzen 5 5500,6.17.0-23-generic,phase0-2026-05-20,B_exec_out_png,105,1202794734,1080,2408,3
jfzxugsgnnvsrsg6,22095RA98C,480 Mbps,AMD Ryzen 5 5500,6.17.0-23-generic,phase0-2026-05-20,B_exec_out_png,106,1364527707,1080,2408,3
jfzxugsgnnvsrsg6,22095RA98C,480 Mbps,AMD Ryzen 5 5500,6.17.0-23-generic,phase0-2026-05-20,B_exec_out_png,107,1201704469,1080,2408,3
jfzxugsgnnvsrsg6,22095RA98C,480 Mbps,AMD Ryzen 5 5500,6.17.0-23-generic,phase0-2026-05-20,B_exec_out_png,108,1242845899,1080,2408,3
jfzxugsgnnvsrsg6,22095RA98C,480 Mbps,AMD Ryzen 5 5500,6.17.0-23-generic,phase0-2026-05-20,B_exec_out_png,109,1302749897,1080,2408,3
jfzxugsgnnvsrsg6,22095RA98C,480 Mbps,AMD Ryzen 5 5500,6.17.0-23-generic,phase0-2026-05-20,B_exec_out_png,110,1259446217,1080,2408,3
jfzxugsgnnvsrsg6,22095RA98C,480 Mbps,AMD Ryzen 5 5500,6.17.0-23-generic,phase0-2026-05-20,B_exec_out_png,111,1277094611,1080,2408,3
jfzxugsgnnvsrsg6,22095RA98C,480 Mbps,AMD Ryzen 5 5500,6.17.0-23-generic,phase0-2026-05-20,B_exec_out_png,112,1273689290,1080,2408,3
jfzxugsgnnvsrsg6,22095RA98C,480 Mbps,AMD Ryzen 5 5500,6.17.0-23-generic,phase0-2026-05-20,B_exec_out_png,113,1257110558,1080,2408,3
jfzxugsgnnvsrsg6,22095RA98C,480 Mbps,AMD Ryzen 5 5500,6.17.0-23-generic,phase0-2026-05-20,B_exec_out_png,114,1266437715,1080,2408,3
jfzxugsgnnvsrsg6,22095RA98C,480 Mbps,AMD Ryzen 5 5500,6.17.0-23-generic,phase0-2026-05-20,B_exec_out_png,115,1343694640,1080,2408,3
jfzxugsgnnvsrsg6,22095RA98C,480 Mbps,AMD Ryzen 5 5500,6.17.0-23-generic,phase0-2026-05-20,B_exec_out_png,116,1232588192,1080,2408,3
jfzxugsgnnvsrsg6,22095RA98C,480 Mbps,AMD Ryzen 5 5500,6.17.0-23-generic,phase0-2026-05-20,B_exec_out_png,117,1216394463,1080,2408,3
jfzxugsgnnvsrsg6,22095RA98C,480 Mbps,AMD Ryzen 5 5500,6.17.0-23-generic,phase0-2026-05-20,B_exec_out_png,118,1321535762,1080,2408,3
jfzxugsgnnvsrsg6,22095RA98C,480 Mbps,AMD Ryzen 5 5500,6.17.0-23-generic,phase0-2026-05-20,B_exec_out_png,119,1400005436,1080,2408,3
jfzxugsgnnvsrsg6,22095RA98C,480 Mbps,AMD Ryzen 5 5500,6.17.0-23-generic,phase0-2026-05-20,B_exec_out_png,120,1367772944,1080,2408,3
jfzxugsgnnvsrsg6,22095RA98C,480 Mbps,AMD Ryzen 5 5500,6.17.0-23-generic,phase0-2026-05-20,B_exec_out_png,121,1349395544,1080,2408,3
jfzxugsgnnvsrsg6,22095RA98C,480 Mbps,AMD Ryzen 5 5500,6.17.0-23-generic,phase0-2026-05-20,B_exec_out_png,122,1295545223,1080,2408,3
jfzxugsgnnvsrsg6,22095RA98C,480 Mbps,AMD Ryzen 5 5500,6.17.0-23-generic,phase0-2026-05-20,B_exec_out_png,123,1382330965,1080,2408,3
jfzxugsgnnvsrsg6,22095RA98C,480 Mbps,AMD Ryzen 5 5500,6.17.0-23-generic,phase0-2026-05-20,B_exec_out_png,124,1345230411,1080,2408,3
jfzxugsgnnvsrsg6,22095RA98C,480 Mbps,AMD Ryzen 5 5500,6.17.0-23-generic,phase0-2026-05-20,B_exec_out_png,125,1371743763,1080,2408,3
jfzxugsgnnvsrsg6,22095RA98C,480 Mbps,AMD Ryzen 5 5500,6.17.0-23-generic,phase0-2026-05-20,B_exec_out_png,126,1296292891,1080,2408,3
jfzxugsgnnvsrsg6,22095RA98C,480 Mbps,AMD Ryzen 5 5500,6.17.0-23-generic,phase0-2026-05-20,B_exec_out_png,127,1366295132,1080,2408,3
jfzxugsgnnvsrsg6,22095RA98C,480 Mbps,AMD Ryzen 5 5500,6.17.0-23-generic,phase0-2026-05-20,B_exec_out_png,128,1357568411,1080,2408,3
jfzxugsgnnvsrsg6,22095RA98C,480 Mbps,AMD Ryzen 5 5500,6.17.0-23-generic,phase0-2026-05-20,B_exec_out_png,129,1364365970,1080,2408,3
jfzxugsgnnvsrsg6,22095RA98C,480 Mbps,AMD Ryzen 5 5500,6.17.0-23-generic,phase0-2026-05-20,B_exec_out_png,130,1345399277,1080,2408,3
jfzxugsgnnvsrsg6,22095RA98C,480 Mbps,AMD Ryzen 5 5500,6.17.0-23-generic,phase0-2026-05-20,B_exec_out_png,131,1235607769,1080,2408,3
jfzxugsgnnvsrsg6,22095RA98C,480 Mbps,AMD Ryzen 5 5500,6.17.0-23-generic,phase0-2026-05-20,B_exec_out_png,132,1259141507,1080,2408,3
jfzxugsgnnvsrsg6,22095RA98C,480 Mbps,AMD Ryzen 5 5500,6.17.0-23-generic,phase0-2026-05-20,B_exec_out_png,133,1368036889,1080,2408,3
jfzxugsgnnvsrsg6,22095RA98C,480 Mbps,AMD Ryzen 5 5500,6.17.0-23-generic,phase0-2026-05-20,B_exec_out_png,134,1275970238,1080,2408,3
jfzxugsgnnvsrsg6,22095RA98C,480 Mbps,AMD Ryzen 5 5500,6.17.0-23-generic,phase0-2026-05-20,B_exec_out_png,135,1251221200,1080,2408,3
jfzxugsgnnvsrsg6,22095RA98C,480 Mbps,AMD Ryzen 5 5500,6.17.0-23-generic,phase0-2026-05-20,B_exec_out_png,136,1238882511,1080,2408,3
jfzxugsgnnvsrsg6,22095RA98C,480 Mbps,AMD Ryzen 5 5500,6.17.0-23-generic,phase0-2026-05-20,B_exec_out_png,137,1406854476,1080,2408,3
jfzxugsgnnvsrsg6,22095RA98C,480 Mbps,AMD Ryzen 5 5500,6.17.0-23-generic,phase0-2026-05-20,B_exec_out_png,138,1244587384,1080,2408,3
jfzxugsgnnvsrsg6,22095RA98C,480 Mbps,AMD Ryzen 5 5500,6.17.0-23-generic,phase0-2026-05-20,B_exec_out_png,139,1333893523,1080,2408,3
jfzxugsgnnvsrsg6,22095RA98C,480 Mbps,AMD Ryzen 5 5500,6.17.0-23-generic,phase0-2026-05-20,B_exec_out_png,140,1268415622,1080,2408,3
jfzxugsgnnvsrsg6,22095RA98C,480 Mbps,AMD Ryzen 5 5500,6.17.0-23-generic,phase0-2026-05-20,B_exec_out_png,141,1374192858,1080,2408,3
jfzxugsgnnvsrsg6,22095RA98C,480 Mbps,AMD Ryzen 5 5500,6.17.0-23-generic,phase0-2026-05-20,B_exec_out_png,142,1358905411,1080,2408,3
jfzxugsgnnvsrsg6,22095RA98C,480 Mbps,AMD Ryzen 5 5500,6.17.0-23-generic,phase0-2026-05-20,B_exec_out_png,143,1338973526,1080,2408,3
jfzxugsgnnvsrsg6,22095RA98C,480 Mbps,AMD Ryzen 5 5500,6.17.0-23-generic,phase0-2026-05-20,B_exec_out_png,144,1316588447,1080,2408,3
jfzxugsgnnvsrsg6,22095RA98C,480 Mbps,AMD Ryzen 5 5500,6.17.0-23-generic,phase0-2026-05-20,B_exec_out_png,145,1343514420,1080,2408,3
jfzxugsgnnvsrsg6,22095RA98C,480 Mbps,AMD Ryzen 5 5500,6.17.0-23-generic,phase0-2026-05-20,B_exec_out_png,146,1406641818,1080,2408,3
jfzxugsgnnvsrsg6,22095RA98C,480 Mbps,AMD Ryzen 5 5500,6.17.0-23-generic,phase0-2026-05-20,B_exec_out_png,147,1294659502,1080,2408,3
jfzxugsgnnvsrsg6,22095RA98C,480 Mbps,AMD Ryzen 5 5500,6.17.0-23-generic,phase0-2026-05-20,B_exec_out_png,148,1377695258,1080,2408,3
jfzxugsgnnvsrsg6,22095RA98C,480 Mbps,AMD Ryzen 5 5500,6.17.0-23-generic,phase0-2026-05-20,B_exec_out_png,149,1343814124,1080,2408,3
jfzxugsgnnvsrsg6,22095RA98C,480 Mbps,AMD Ryzen 5 5500,6.17.0-23-generic,phase0-2026-05-20,B_exec_out_png,150,1361514131,1080,2408,3
jfzxugsgnnvsrsg6,22095RA98C,480 Mbps,AMD Ryzen 5 5500,6.17.0-23-generic,phase0-2026-05-20,B_exec_out_png,151,1362154065,1080,2408,3
jfzxugsgnnvsrsg6,22095RA98C,480 Mbps,AMD Ryzen 5 5500,6.17.0-23-generic,phase0-2026-05-20,B_exec_out_png,152,1349104447,1080,2408,3
jfzxugsgnnvsrsg6,22095RA98C,480 Mbps,AMD Ryzen 5 5500,6.17.0-23-generic,phase0-2026-05-20,B_exec_out_png,153,1359506539,1080,2408,3
jfzxugsgnnvsrsg6,22095RA98C,480 Mbps,AMD Ryzen 5 5500,6.17.0-23-generic,phase0-2026-05-20,B_exec_out_png,154,1297658043,1080,2408,3
jfzxugsgnnvsrsg6,22095RA98C,480 Mbps,AMD Ryzen 5 5500,6.17.0-23-generic,phase0-2026-05-20,B_exec_out_png,155,1315042708,1080,2408,3
jfzxugsgnnvsrsg6,22095RA98C,480 Mbps,AMD Ryzen 5 5500,6.17.0-23-generic,phase0-2026-05-20,B_exec_out_png,156,1354117636,1080,2408,3
jfzxugsgnnvsrsg6,22095RA98C,480 Mbps,AMD Ryzen 5 5500,6.17.0-23-generic,phase0-2026-05-20,B_exec_out_png,157,1297018838,1080,2408,3
jfzxugsgnnvsrsg6,22095RA98C,480 Mbps,AMD Ryzen 5 5500,6.17.0-23-generic,phase0-2026-05-20,B_exec_out_png,158,1244929458,1080,2408,3
jfzxugsgnnvsrsg6,22095RA98C,480 Mbps,AMD Ryzen 5 5500,6.17.0-23-generic,phase0-2026-05-20,B_exec_out_png,159,1360732858,1080,2408,3
jfzxugsgnnvsrsg6,22095RA98C,480 Mbps,AMD Ryzen 5 5500,6.17.0-23-generic,phase0-2026-05-20,B_exec_out_png,160,1372983613,1080,2408,3
jfzxugsgnnvsrsg6,22095RA98C,480 Mbps,AMD Ryzen 5 5500,6.17.0-23-generic,phase0-2026-05-20,B_exec_out_png,161,1261397618,1080,2408,3
jfzxugsgnnvsrsg6,22095RA98C,480 Mbps,AMD Ryzen 5 5500,6.17.0-23-generic,phase0-2026-05-20,B_exec_out_png,162,1303114135,1080,2408,3
jfzxugsgnnvsrsg6,22095RA98C,480 Mbps,AMD Ryzen 5 5500,6.17.0-23-generic,phase0-2026-05-20,B_exec_out_png,163,1289221712,1080,2408,3
jfzxugsgnnvsrsg6,22095RA98C,480 Mbps,AMD Ryzen 5 5500,6.17.0-23-generic,phase0-2026-05-20,B_exec_out_png,164,1329821592,1080,2408,3
jfzxugsgnnvsrsg6,22095RA98C,480 Mbps,AMD Ryzen 5 5500,6.17.0-23-generic,phase0-2026-05-20,B_exec_out_png,165,1364997881,1080,2408,3
jfzxugsgnnvsrsg6,22095RA98C,480 Mbps,AMD Ryzen 5 5500,6.17.0-23-generic,phase0-2026-05-20,B_exec_out_png,166,1286323326,1080,2408,3
jfzxugsgnnvsrsg6,22095RA98C,480 Mbps,AMD Ryzen 5 5500,6.17.0-23-generic,phase0-2026-05-20,B_exec_out_png,167,1291112181,1080,2408,3
jfzxugsgnnvsrsg6,22095RA98C,480 Mbps,AMD Ryzen 5 5500,6.17.0-23-generic,phase0-2026-05-20,B_exec_out_png,168,1251498430,1080,2408,3
jfzxugsgnnvsrsg6,22095RA98C,480 Mbps,AMD Ryzen 5 5500,6.17.0-23-generic,phase0-2026-05-20,B_exec_out_png,169,1314687917,1080,2408,3
jfzxugsgnnvsrsg6,22095RA98C,480 Mbps,AMD Ryzen 5 5500,6.17.0-23-generic,phase0-2026-05-20,B_exec_out_png,170,1377227484,1080,2408,3
jfzxugsgnnvsrsg6,22095RA98C,480 Mbps,AMD Ryzen 5 5500,6.17.0-23-generic,phase0-2026-05-20,B_exec_out_png,171,1349502144,1080,2408,3
jfzxugsgnnvsrsg6,22095RA98C,480 Mbps,AMD Ryzen 5 5500,6.17.0-23-generic,phase0-2026-05-20,B_exec_out_png,172,1312263379,1080,2408,3
jfzxugsgnnvsrsg6,22095RA98C,480 Mbps,AMD Ryzen 5 5500,6.17.0-23-generic,phase0-2026-05-20,B_exec_out_png,173,1382325063,1080,2408,3
jfzxugsgnnvsrsg6,22095RA98C,480 Mbps,AMD Ryzen 5 5500,6.17.0-23-generic,phase0-2026-05-20,B_exec_out_png,174,1295405577,1080,2408,3
jfzxugsgnnvsrsg6,22095RA98C,480 Mbps,AMD Ryzen 5 5500,6.17.0-23-generic,phase0-2026-05-20,B_exec_out_png,175,1374586323,1080,2408,3
jfzxugsgnnvsrsg6,22095RA98C,480 Mbps,AMD Ryzen 5 5500,6.17.0-23-generic,phase0-2026-05-20,B_exec_out_png,176,1365447795,1080,2408,3
jfzxugsgnnvsrsg6,22095RA98C,480 Mbps,AMD Ryzen 5 5500,6.17.0-23-generic,phase0-2026-05-20,B_exec_out_png,177,1267540539,1080,2408,3
jfzxugsgnnvsrsg6,22095RA98C,480 Mbps,AMD Ryzen 5 5500,6.17.0-23-generic,phase0-2026-05-20,B_exec_out_png,178,1306663179,1080,2408,3
jfzxugsgnnvsrsg6,22095RA98C,480 Mbps,AMD Ryzen 5 5500,6.17.0-23-generic,phase0-2026-05-20,B_exec_out_png,179,1349979406,1080,2408,3
jfzxugsgnnvsrsg6,22095RA98C,480 Mbps,AMD Ryzen 5 5500,6.17.0-23-generic,phase0-2026-05-20,B_exec_out_png,180,1270579844,1080,2408,3
jfzxugsgnnvsrsg6,22095RA98C,480 Mbps,AMD Ryzen 5 5500,6.17.0-23-generic,phase0-2026-05-20,B_exec_out_png,181,1300460032,1080,2408,3
jfzxugsgnnvsrsg6,22095RA98C,480 Mbps,AMD Ryzen 5 5500,6.17.0-23-generic,phase0-2026-05-20,B_exec_out_png,182,1487965248,1080,2408,3
jfzxugsgnnvsrsg6,22095RA98C,480 Mbps,AMD Ryzen 5 5500,6.17.0-23-generic,phase0-2026-05-20,B_exec_out_png,183,1199628105,1080,2408,3
jfzxugsgnnvsrsg6,22095RA98C,480 Mbps,AMD Ryzen 5 5500,6.17.0-23-generic,phase0-2026-05-20,B_exec_out_png,184,1352418448,1080,2408,3
jfzxugsgnnvsrsg6,22095RA98C,480 Mbps,AMD Ryzen 5 5500,6.17.0-23-generic,phase0-2026-05-20,B_exec_out_png,185,1370402428,1080,2408,3
jfzxugsgnnvsrsg6,22095RA98C,480 Mbps,AMD Ryzen 5 5500,6.17.0-23-generic,phase0-2026-05-20,B_exec_out_png,186,1295619452,1080,2408,3
jfzxugsgnnvsrsg6,22095RA98C,480 Mbps,AMD Ryzen 5 5500,6.17.0-23-generic,phase0-2026-05-20,B_exec_out_png,187,1283653688,1080,2408,3
jfzxugsgnnvsrsg6,22095RA98C,480 Mbps,AMD Ryzen 5 5500,6.17.0-23-generic,phase0-2026-05-20,B_exec_out_png,188,1264108907,1080,2408,3
jfzxugsgnnvsrsg6,22095RA98C,480 Mbps,AMD Ryzen 5 5500,6.17.0-23-generic,phase0-2026-05-20,B_exec_out_png,189,1320806709,1080,2408,3
jfzxugsgnnvsrsg6,22095RA98C,480 Mbps,AMD Ryzen 5 5500,6.17.0-23-generic,phase0-2026-05-20,B_exec_out_png,190,1262154323,1080,2408,3
jfzxugsgnnvsrsg6,22095RA98C,480 Mbps,AMD Ryzen 5 5500,6.17.0-23-generic,phase0-2026-05-20,B_exec_out_png,191,1305933684,1080,2408,3
jfzxugsgnnvsrsg6,22095RA98C,480 Mbps,AMD Ryzen 5 5500,6.17.0-23-generic,phase0-2026-05-20,B_exec_out_png,192,1290016388,1080,2408,3
jfzxugsgnnvsrsg6,22095RA98C,480 Mbps,AMD Ryzen 5 5500,6.17.0-23-generic,phase0-2026-05-20,B_exec_out_png,193,1235570595,1080,2408,3
jfzxugsgnnvsrsg6,22095RA98C,480 Mbps,AMD Ryzen 5 5500,6.17.0-23-generic,phase0-2026-05-20,B_exec_out_png,194,1328434827,1080,2408,3
jfzxugsgnnvsrsg6,22095RA98C,480 Mbps,AMD Ryzen 5 5500,6.17.0-23-generic,phase0-2026-05-20,B_exec_out_png,195,1243312819,1080,2408,3
jfzxugsgnnvsrsg6,22095RA98C,480 Mbps,AMD Ryzen 5 5500,6.17.0-23-generic,phase0-2026-05-20,B_exec_out_png,196,1265317122,1080,2408,3
jfzxugsgnnvsrsg6,22095RA98C,480 Mbps,AMD Ryzen 5 5500,6.17.0-23-generic,phase0-2026-05-20,B_exec_out_png,197,1242598753,1080,2408,3
jfzxugsgnnvsrsg6,22095RA98C,480 Mbps,AMD Ryzen 5 5500,6.17.0-23-generic,phase0-2026-05-20,B_exec_out_png,198,1395483620,1080,2408,3
jfzxugsgnnvsrsg6,22095RA98C,480 Mbps,AMD Ryzen 5 5500,6.17.0-23-generic,phase0-2026-05-20,B_exec_out_png,199,1242467328,1080,2408,3
jfzxugsgnnvsrsg6,22095RA98C,480 Mbps,AMD Ryzen 5 5500,6.17.0-23-generic,phase0-2026-05-20,C_exec_out_raw,0,876755435,1080,2408,3
jfzxugsgnnvsrsg6,22095RA98C,480 Mbps,AMD Ryzen 5 5500,6.17.0-23-generic,phase0-2026-05-20,C_exec_out_raw,1,885977481,1080,2408,3
jfzxugsgnnvsrsg6,22095RA98C,480 Mbps,AMD Ryzen 5 5500,6.17.0-23-generic,phase0-2026-05-20,C_exec_out_raw,2,773510327,1080,2408,3
jfzxugsgnnvsrsg6,22095RA98C,480 Mbps,AMD Ryzen 5 5500,6.17.0-23-generic,phase0-2026-05-20,C_exec_out_raw,3,927699421,1080,2408,3
jfzxugsgnnvsrsg6,22095RA98C,480 Mbps,AMD Ryzen 5 5500,6.17.0-23-generic,phase0-2026-05-20,C_exec_out_raw,4,912553077,1080,2408,3
jfzxugsgnnvsrsg6,22095RA98C,480 Mbps,AMD Ryzen 5 5500,6.17.0-23-generic,phase0-2026-05-20,C_exec_out_raw,5,775403746,1080,2408,3
jfzxugsgnnvsrsg6,22095RA98C,480 Mbps,AMD Ryzen 5 5500,6.17.0-23-generic,phase0-2026-05-20,C_exec_out_raw,6,882542551,1080,2408,3
jfzxugsgnnvsrsg6,22095RA98C,480 Mbps,AMD Ryzen 5 5500,6.17.0-23-generic,phase0-2026-05-20,C_exec_out_raw,7,685013203,1080,2408,3
jfzxugsgnnvsrsg6,22095RA98C,480 Mbps,AMD Ryzen 5 5500,6.17.0-23-generic,phase0-2026-05-20,C_exec_out_raw,8,833643661,1080,2408,3
jfzxugsgnnvsrsg6,22095RA98C,480 Mbps,AMD Ryzen 5 5500,6.17.0-23-generic,phase0-2026-05-20,C_exec_out_raw,9,918107699,1080,2408,3
jfzxugsgnnvsrsg6,22095RA98C,480 Mbps,AMD Ryzen 5 5500,6.17.0-23-generic,phase0-2026-05-20,C_exec_out_raw,10,827739800,1080,2408,3
jfzxugsgnnvsrsg6,22095RA98C,480 Mbps,AMD Ryzen 5 5500,6.17.0-23-generic,phase0-2026-05-20,C_exec_out_raw,11,814237454,1080,2408,3
jfzxugsgnnvsrsg6,22095RA98C,480 Mbps,AMD Ryzen 5 5500,6.17.0-23-generic,phase0-2026-05-20,C_exec_out_raw,12,875630225,1080,2408,3
jfzxugsgnnvsrsg6,22095RA98C,480 Mbps,AMD Ryzen 5 5500,6.17.0-23-generic,phase0-2026-05-20,C_exec_out_raw,13,733606273,1080,2408,3
jfzxugsgnnvsrsg6,22095RA98C,480 Mbps,AMD Ryzen 5 5500,6.17.0-23-generic,phase0-2026-05-20,C_exec_out_raw,14,819504130,1080,2408,3
jfzxugsgnnvsrsg6,22095RA98C,480 Mbps,AMD Ryzen 5 5500,6.17.0-23-generic,phase0-2026-05-20,C_exec_out_raw,15,964136538,1080,2408,3
jfzxugsgnnvsrsg6,22095RA98C,480 Mbps,AMD Ryzen 5 5500,6.17.0-23-generic,phase0-2026-05-20,C_exec_out_raw,16,943793269,1080,2408,3
jfzxugsgnnvsrsg6,22095RA98C,480 Mbps,AMD Ryzen 5 5500,6.17.0-23-generic,phase0-2026-05-20,C_exec_out_raw,17,932045804,1080,2408,3
jfzxugsgnnvsrsg6,22095RA98C,480 Mbps,AMD Ryzen 5 5500,6.17.0-23-generic,phase0-2026-05-20,C_exec_out_raw,18,928730575,1080,2408,3
jfzxugsgnnvsrsg6,22095RA98C,480 Mbps,AMD Ryzen 5 5500,6.17.0-23-generic,phase0-2026-05-20,C_exec_out_raw,19,988531024,1080,2408,3
jfzxugsgnnvsrsg6,22095RA98C,480 Mbps,AMD Ryzen 5 5500,6.17.0-23-generic,phase0-2026-05-20,C_exec_out_raw,20,932102376,1080,2408,3
jfzxugsgnnvsrsg6,22095RA98C,480 Mbps,AMD Ryzen 5 5500,6.17.0-23-generic,phase0-2026-05-20,C_exec_out_raw,21,974643542,1080,2408,3
jfzxugsgnnvsrsg6,22095RA98C,480 Mbps,AMD Ryzen 5 5500,6.17.0-23-generic,phase0-2026-05-20,C_exec_out_raw,22,947734620,1080,2408,3
jfzxugsgnnvsrsg6,22095RA98C,480 Mbps,AMD Ryzen 5 5500,6.17.0-23-generic,phase0-2026-05-20,C_exec_out_raw,23,952318215,1080,2408,3
jfzxugsgnnvsrsg6,22095RA98C,480 Mbps,AMD Ryzen 5 5500,6.17.0-23-generic,phase0-2026-05-20,C_exec_out_raw,24,949491662,1080,2408,3
jfzxugsgnnvsrsg6,22095RA98C,480 Mbps,AMD Ryzen 5 5500,6.17.0-23-generic,phase0-2026-05-20,C_exec_out_raw,25,891659204,1080,2408,3
jfzxugsgnnvsrsg6,22095RA98C,480 Mbps,AMD Ryzen 5 5500,6.17.0-23-generic,phase0-2026-05-20,C_exec_out_raw,26,921820225,1080,2408,3
jfzxugsgnnvsrsg6,22095RA98C,480 Mbps,AMD Ryzen 5 5500,6.17.0-23-generic,phase0-2026-05-20,C_exec_out_raw,27,946617978,1080,2408,3
jfzxugsgnnvsrsg6,22095RA98C,480 Mbps,AMD Ryzen 5 5500,6.17.0-23-generic,phase0-2026-05-20,C_exec_out_raw,28,944134734,1080,2408,3
jfzxugsgnnvsrsg6,22095RA98C,480 Mbps,AMD Ryzen 5 5500,6.17.0-23-generic,phase0-2026-05-20,C_exec_out_raw,29,945461026,1080,2408,3
jfzxugsgnnvsrsg6,22095RA98C,480 Mbps,AMD Ryzen 5 5500,6.17.0-23-generic,phase0-2026-05-20,C_exec_out_raw,30,946509106,1080,2408,3
jfzxugsgnnvsrsg6,22095RA98C,480 Mbps,AMD Ryzen 5 5500,6.17.0-23-generic,phase0-2026-05-20,C_exec_out_raw,31,965331610,1080,2408,3
jfzxugsgnnvsrsg6,22095RA98C,480 Mbps,AMD Ryzen 5 5500,6.17.0-23-generic,phase0-2026-05-20,C_exec_out_raw,32,977579127,1080,2408,3
jfzxugsgnnvsrsg6,22095RA98C,480 Mbps,AMD Ryzen 5 5500,6.17.0-23-generic,phase0-2026-05-20,C_exec_out_raw,33,909894482,1080,2408,3
jfzxugsgnnvsrsg6,22095RA98C,480 Mbps,AMD Ryzen 5 5500,6.17.0-23-generic,phase0-2026-05-20,C_exec_out_raw,34,968640043,1080,2408,3
jfzxugsgnnvsrsg6,22095RA98C,480 Mbps,AMD Ryzen 5 5500,6.17.0-23-generic,phase0-2026-05-20,C_exec_out_raw,35,932031538,1080,2408,3
jfzxugsgnnvsrsg6,22095RA98C,480 Mbps,AMD Ryzen 5 5500,6.17.0-23-generic,phase0-2026-05-20,C_exec_out_raw,36,976736261,1080,2408,3
jfzxugsgnnvsrsg6,22095RA98C,480 Mbps,AMD Ryzen 5 5500,6.17.0-23-generic,phase0-2026-05-20,C_exec_out_raw,37,824407846,1080,2408,3
jfzxugsgnnvsrsg6,22095RA98C,480 Mbps,AMD Ryzen 5 5500,6.17.0-23-generic,phase0-2026-05-20,C_exec_out_raw,38,961219394,1080,2408,3
jfzxugsgnnvsrsg6,22095RA98C,480 Mbps,AMD Ryzen 5 5500,6.17.0-23-generic,phase0-2026-05-20,C_exec_out_raw,39,929939597,1080,2408,3
jfzxugsgnnvsrsg6,22095RA98C,480 Mbps,AMD Ryzen 5 5500,6.17.0-23-generic,phase0-2026-05-20,C_exec_out_raw,40,963805552,1080,2408,3
jfzxugsgnnvsrsg6,22095RA98C,480 Mbps,AMD Ryzen 5 5500,6.17.0-23-generic,phase0-2026-05-20,C_exec_out_raw,41,980932237,1080,2408,3
jfzxugsgnnvsrsg6,22095RA98C,480 Mbps,AMD Ryzen 5 5500,6.17.0-23-generic,phase0-2026-05-20,C_exec_out_raw,42,920933889,1080,2408,3
jfzxugsgnnvsrsg6,22095RA98C,480 Mbps,AMD Ryzen 5 5500,6.17.0-23-generic,phase0-2026-05-20,C_exec_out_raw,43,966574042,1080,2408,3
jfzxugsgnnvsrsg6,22095RA98C,480 Mbps,AMD Ryzen 5 5500,6.17.0-23-generic,phase0-2026-05-20,C_exec_out_raw,44,997633525,1080,2408,3
jfzxugsgnnvsrsg6,22095RA98C,480 Mbps,AMD Ryzen 5 5500,6.17.0-23-generic,phase0-2026-05-20,C_exec_out_raw,45,975039158,1080,2408,3
jfzxugsgnnvsrsg6,22095RA98C,480 Mbps,AMD Ryzen 5 5500,6.17.0-23-generic,phase0-2026-05-20,C_exec_out_raw,46,976883143,1080,2408,3
jfzxugsgnnvsrsg6,22095RA98C,480 Mbps,AMD Ryzen 5 5500,6.17.0-23-generic,phase0-2026-05-20,C_exec_out_raw,47,977598826,1080,2408,3
jfzxugsgnnvsrsg6,22095RA98C,480 Mbps,AMD Ryzen 5 5500,6.17.0-23-generic,phase0-2026-05-20,C_exec_out_raw,48,952791166,1080,2408,3
jfzxugsgnnvsrsg6,22095RA98C,480 Mbps,AMD Ryzen 5 5500,6.17.0-23-generic,phase0-2026-05-20,C_exec_out_raw,49,963278280,1080,2408,3
jfzxugsgnnvsrsg6,22095RA98C,480 Mbps,AMD Ryzen 5 5500,6.17.0-23-generic,phase0-2026-05-20,C_exec_out_raw,50,979457840,1080,2408,3
jfzxugsgnnvsrsg6,22095RA98C,480 Mbps,AMD Ryzen 5 5500,6.17.0-23-generic,phase0-2026-05-20,C_exec_out_raw,51,992735406,1080,2408,3
jfzxugsgnnvsrsg6,22095RA98C,480 Mbps,AMD Ryzen 5 5500,6.17.0-23-generic,phase0-2026-05-20,C_exec_out_raw,52,807609879,1080,2408,3
jfzxugsgnnvsrsg6,22095RA98C,480 Mbps,AMD Ryzen 5 5500,6.17.0-23-generic,phase0-2026-05-20,C_exec_out_raw,53,881241334,1080,2408,3
jfzxugsgnnvsrsg6,22095RA98C,480 Mbps,AMD Ryzen 5 5500,6.17.0-23-generic,phase0-2026-05-20,C_exec_out_raw,54,927008183,1080,2408,3
jfzxugsgnnvsrsg6,22095RA98C,480 Mbps,AMD Ryzen 5 5500,6.17.0-23-generic,phase0-2026-05-20,C_exec_out_raw,55,989820829,1080,2408,3
jfzxugsgnnvsrsg6,22095RA98C,480 Mbps,AMD Ryzen 5 5500,6.17.0-23-generic,phase0-2026-05-20,C_exec_out_raw,56,1027013382,1080,2408,3
jfzxugsgnnvsrsg6,22095RA98C,480 Mbps,AMD Ryzen 5 5500,6.17.0-23-generic,phase0-2026-05-20,C_exec_out_raw,57,923997775,1080,2408,3
jfzxugsgnnvsrsg6,22095RA98C,480 Mbps,AMD Ryzen 5 5500,6.17.0-23-generic,phase0-2026-05-20,C_exec_out_raw,58,979840704,1080,2408,3
jfzxugsgnnvsrsg6,22095RA98C,480 Mbps,AMD Ryzen 5 5500,6.17.0-23-generic,phase0-2026-05-20,C_exec_out_raw,59,934422898,1080,2408,3
jfzxugsgnnvsrsg6,22095RA98C,480 Mbps,AMD Ryzen 5 5500,6.17.0-23-generic,phase0-2026-05-20,C_exec_out_raw,60,774770680,1080,2408,3
jfzxugsgnnvsrsg6,22095RA98C,480 Mbps,AMD Ryzen 5 5500,6.17.0-23-generic,phase0-2026-05-20,C_exec_out_raw,61,852068397,1080,2408,3
jfzxugsgnnvsrsg6,22095RA98C,480 Mbps,AMD Ryzen 5 5500,6.17.0-23-generic,phase0-2026-05-20,C_exec_out_raw,62,907708103,1080,2408,3
jfzxugsgnnvsrsg6,22095RA98C,480 Mbps,AMD Ryzen 5 5500,6.17.0-23-generic,phase0-2026-05-20,C_exec_out_raw,63,940763299,1080,2408,3
jfzxugsgnnvsrsg6,22095RA98C,480 Mbps,AMD Ryzen 5 5500,6.17.0-23-generic,phase0-2026-05-20,C_exec_out_raw,64,920381827,1080,2408,3
jfzxugsgnnvsrsg6,22095RA98C,480 Mbps,AMD Ryzen 5 5500,6.17.0-23-generic,phase0-2026-05-20,C_exec_out_raw,65,973989938,1080,2408,3
jfzxugsgnnvsrsg6,22095RA98C,480 Mbps,AMD Ryzen 5 5500,6.17.0-23-generic,phase0-2026-05-20,C_exec_out_raw,66,928027858,1080,2408,3
jfzxugsgnnvsrsg6,22095RA98C,480 Mbps,AMD Ryzen 5 5500,6.17.0-23-generic,phase0-2026-05-20,C_exec_out_raw,67,999936252,1080,2408,3
jfzxugsgnnvsrsg6,22095RA98C,480 Mbps,AMD Ryzen 5 5500,6.17.0-23-generic,phase0-2026-05-20,C_exec_out_raw,68,968898492,1080,2408,3
jfzxugsgnnvsrsg6,22095RA98C,480 Mbps,AMD Ryzen 5 5500,6.17.0-23-generic,phase0-2026-05-20,C_exec_out_raw,69,958475915,1080,2408,3
jfzxugsgnnvsrsg6,22095RA98C,480 Mbps,AMD Ryzen 5 5500,6.17.0-23-generic,phase0-2026-05-20,C_exec_out_raw,70,884806995,1080,2408,3
jfzxugsgnnvsrsg6,22095RA98C,480 Mbps,AMD Ryzen 5 5500,6.17.0-23-generic,phase0-2026-05-20,C_exec_out_raw,71,960470571,1080,2408,3
jfzxugsgnnvsrsg6,22095RA98C,480 Mbps,AMD Ryzen 5 5500,6.17.0-23-generic,phase0-2026-05-20,C_exec_out_raw,72,931727441,1080,2408,3
jfzxugsgnnvsrsg6,22095RA98C,480 Mbps,AMD Ryzen 5 5500,6.17.0-23-generic,phase0-2026-05-20,C_exec_out_raw,73,956003946,1080,2408,3
jfzxugsgnnvsrsg6,22095RA98C,480 Mbps,AMD Ryzen 5 5500,6.17.0-23-generic,phase0-2026-05-20,C_exec_out_raw,74,989298480,1080,2408,3
jfzxugsgnnvsrsg6,22095RA98C,480 Mbps,AMD Ryzen 5 5500,6.17.0-23-generic,phase0-2026-05-20,C_exec_out_raw,75,1011844573,1080,2408,3
jfzxugsgnnvsrsg6,22095RA98C,480 Mbps,AMD Ryzen 5 5500,6.17.0-23-generic,phase0-2026-05-20,C_exec_out_raw,76,972610706,1080,2408,3
jfzxugsgnnvsrsg6,22095RA98C,480 Mbps,AMD Ryzen 5 5500,6.17.0-23-generic,phase0-2026-05-20,C_exec_out_raw,77,983024431,1080,2408,3
jfzxugsgnnvsrsg6,22095RA98C,480 Mbps,AMD Ryzen 5 5500,6.17.0-23-generic,phase0-2026-05-20,C_exec_out_raw,78,948213196,1080,2408,3
jfzxugsgnnvsrsg6,22095RA98C,480 Mbps,AMD Ryzen 5 5500,6.17.0-23-generic,phase0-2026-05-20,C_exec_out_raw,79,916240433,1080,2408,3
jfzxugsgnnvsrsg6,22095RA98C,480 Mbps,AMD Ryzen 5 5500,6.17.0-23-generic,phase0-2026-05-20,C_exec_out_raw,80,953193508,1080,2408,3
jfzxugsgnnvsrsg6,22095RA98C,480 Mbps,AMD Ryzen 5 5500,6.17.0-23-generic,phase0-2026-05-20,C_exec_out_raw,81,914752551,1080,2408,3
jfzxugsgnnvsrsg6,22095RA98C,480 Mbps,AMD Ryzen 5 5500,6.17.0-23-generic,phase0-2026-05-20,C_exec_out_raw,82,903111621,1080,2408,3
jfzxugsgnnvsrsg6,22095RA98C,480 Mbps,AMD Ryzen 5 5500,6.17.0-23-generic,phase0-2026-05-20,C_exec_out_raw,83,975794219,1080,2408,3
jfzxugsgnnvsrsg6,22095RA98C,480 Mbps,AMD Ryzen 5 5500,6.17.0-23-generic,phase0-2026-05-20,C_exec_out_raw,84,975313260,1080,2408,3
jfzxugsgnnvsrsg6,22095RA98C,480 Mbps,AMD Ryzen 5 5500,6.17.0-23-generic,phase0-2026-05-20,C_exec_out_raw,85,903994084,1080,2408,3
jfzxugsgnnvsrsg6,22095RA98C,480 Mbps,AMD Ryzen 5 5500,6.17.0-23-generic,phase0-2026-05-20,C_exec_out_raw,86,968509229,1080,2408,3
jfzxugsgnnvsrsg6,22095RA98C,480 Mbps,AMD Ryzen 5 5500,6.17.0-23-generic,phase0-2026-05-20,C_exec_out_raw,87,956288637,1080,2408,3
jfzxugsgnnvsrsg6,22095RA98C,480 Mbps,AMD Ryzen 5 5500,6.17.0-23-generic,phase0-2026-05-20,C_exec_out_raw,88,942933285,1080,2408,3
jfzxugsgnnvsrsg6,22095RA98C,480 Mbps,AMD Ryzen 5 5500,6.17.0-23-generic,phase0-2026-05-20,C_exec_out_raw,89,940519317,1080,2408,3
jfzxugsgnnvsrsg6,22095RA98C,480 Mbps,AMD Ryzen 5 5500,6.17.0-23-generic,phase0-2026-05-20,C_exec_out_raw,90,916519121,1080,2408,3
jfzxugsgnnvsrsg6,22095RA98C,480 Mbps,AMD Ryzen 5 5500,6.17.0-23-generic,phase0-2026-05-20,C_exec_out_raw,91,944051791,1080,2408,3
jfzxugsgnnvsrsg6,22095RA98C,480 Mbps,AMD Ryzen 5 5500,6.17.0-23-generic,phase0-2026-05-20,C_exec_out_raw,92,940592845,1080,2408,3
jfzxugsgnnvsrsg6,22095RA98C,480 Mbps,AMD Ryzen 5 5500,6.17.0-23-generic,phase0-2026-05-20,C_exec_out_raw,93,907321833,1080,2408,3
jfzxugsgnnvsrsg6,22095RA98C,480 Mbps,AMD Ryzen 5 5500,6.17.0-23-generic,phase0-2026-05-20,C_exec_out_raw,94,943575978,1080,2408,3
jfzxugsgnnvsrsg6,22095RA98C,480 Mbps,AMD Ryzen 5 5500,6.17.0-23-generic,phase0-2026-05-20,C_exec_out_raw,95,952229180,1080,2408,3
jfzxugsgnnvsrsg6,22095RA98C,480 Mbps,AMD Ryzen 5 5500,6.17.0-23-generic,phase0-2026-05-20,C_exec_out_raw,96,949927995,1080,2408,3
jfzxugsgnnvsrsg6,22095RA98C,480 Mbps,AMD Ryzen 5 5500,6.17.0-23-generic,phase0-2026-05-20,C_exec_out_raw,97,906644412,1080,2408,3
jfzxugsgnnvsrsg6,22095RA98C,480 Mbps,AMD Ryzen 5 5500,6.17.0-23-generic,phase0-2026-05-20,C_exec_out_raw,98,955294523,1080,2408,3
jfzxugsgnnvsrsg6,22095RA98C,480 Mbps,AMD Ryzen 5 5500,6.17.0-23-generic,phase0-2026-05-20,C_exec_out_raw,99,923289455,1080,2408,3
jfzxugsgnnvsrsg6,22095RA98C,480 Mbps,AMD Ryzen 5 5500,6.17.0-23-generic,phase0-2026-05-20,C_exec_out_raw,100,947355051,1080,2408,3
jfzxugsgnnvsrsg6,22095RA98C,480 Mbps,AMD Ryzen 5 5500,6.17.0-23-generic,phase0-2026-05-20,C_exec_out_raw,101,891092438,1080,2408,3
jfzxugsgnnvsrsg6,22095RA98C,480 Mbps,AMD Ryzen 5 5500,6.17.0-23-generic,phase0-2026-05-20,C_exec_out_raw,102,925620363,1080,2408,3
jfzxugsgnnvsrsg6,22095RA98C,480 Mbps,AMD Ryzen 5 5500,6.17.0-23-generic,phase0-2026-05-20,C_exec_out_raw,103,942996403,1080,2408,3
jfzxugsgnnvsrsg6,22095RA98C,480 Mbps,AMD Ryzen 5 5500,6.17.0-23-generic,phase0-2026-05-20,C_exec_out_raw,104,942005842,1080,2408,3
jfzxugsgnnvsrsg6,22095RA98C,480 Mbps,AMD Ryzen 5 5500,6.17.0-23-generic,phase0-2026-05-20,C_exec_out_raw,105,928529483,1080,2408,3
jfzxugsgnnvsrsg6,22095RA98C,480 Mbps,AMD Ryzen 5 5500,6.17.0-23-generic,phase0-2026-05-20,C_exec_out_raw,106,893070396,1080,2408,3
jfzxugsgnnvsrsg6,22095RA98C,480 Mbps,AMD Ryzen 5 5500,6.17.0-23-generic,phase0-2026-05-20,C_exec_out_raw,107,945447652,1080,2408,3
jfzxugsgnnvsrsg6,22095RA98C,480 Mbps,AMD Ryzen 5 5500,6.17.0-23-generic,phase0-2026-05-20,C_exec_out_raw,108,963615828,1080,2408,3
jfzxugsgnnvsrsg6,22095RA98C,480 Mbps,AMD Ryzen 5 5500,6.17.0-23-generic,phase0-2026-05-20,C_exec_out_raw,109,898301548,1080,2408,3
jfzxugsgnnvsrsg6,22095RA98C,480 Mbps,AMD Ryzen 5 5500,6.17.0-23-generic,phase0-2026-05-20,C_exec_out_raw,110,923329654,1080,2408,3
jfzxugsgnnvsrsg6,22095RA98C,480 Mbps,AMD Ryzen 5 5500,6.17.0-23-generic,phase0-2026-05-20,C_exec_out_raw,111,941035101,1080,2408,3
jfzxugsgnnvsrsg6,22095RA98C,480 Mbps,AMD Ryzen 5 5500,6.17.0-23-generic,phase0-2026-05-20,C_exec_out_raw,112,988808414,1080,2408,3
jfzxugsgnnvsrsg6,22095RA98C,480 Mbps,AMD Ryzen 5 5500,6.17.0-23-generic,phase0-2026-05-20,C_exec_out_raw,113,961110692,1080,2408,3
jfzxugsgnnvsrsg6,22095RA98C,480 Mbps,AMD Ryzen 5 5500,6.17.0-23-generic,phase0-2026-05-20,C_exec_out_raw,114,925232404,1080,2408,3
jfzxugsgnnvsrsg6,22095RA98C,480 Mbps,AMD Ryzen 5 5500,6.17.0-23-generic,phase0-2026-05-20,C_exec_out_raw,115,939013607,1080,2408,3
jfzxugsgnnvsrsg6,22095RA98C,480 Mbps,AMD Ryzen 5 5500,6.17.0-23-generic,phase0-2026-05-20,C_exec_out_raw,116,940149176,1080,2408,3
jfzxugsgnnvsrsg6,22095RA98C,480 Mbps,AMD Ryzen 5 5500,6.17.0-23-generic,phase0-2026-05-20,C_exec_out_raw,117,922838522,1080,2408,3
jfzxugsgnnvsrsg6,22095RA98C,480 Mbps,AMD Ryzen 5 5500,6.17.0-23-generic,phase0-2026-05-20,C_exec_out_raw,118,939211484,1080,2408,3
jfzxugsgnnvsrsg6,22095RA98C,480 Mbps,AMD Ryzen 5 5500,6.17.0-23-generic,phase0-2026-05-20,C_exec_out_raw,119,966989835,1080,2408,3
jfzxugsgnnvsrsg6,22095RA98C,480 Mbps,AMD Ryzen 5 5500,6.17.0-23-generic,phase0-2026-05-20,C_exec_out_raw,120,938455266,1080,2408,3
jfzxugsgnnvsrsg6,22095RA98C,480 Mbps,AMD Ryzen 5 5500,6.17.0-23-generic,phase0-2026-05-20,C_exec_out_raw,121,960085949,1080,2408,3
jfzxugsgnnvsrsg6,22095RA98C,480 Mbps,AMD Ryzen 5 5500,6.17.0-23-generic,phase0-2026-05-20,C_exec_out_raw,122,933857936,1080,2408,3
jfzxugsgnnvsrsg6,22095RA98C,480 Mbps,AMD Ryzen 5 5500,6.17.0-23-generic,phase0-2026-05-20,C_exec_out_raw,123,897738669,1080,2408,3
jfzxugsgnnvsrsg6,22095RA98C,480 Mbps,AMD Ryzen 5 5500,6.17.0-23-generic,phase0-2026-05-20,C_exec_out_raw,124,945197468,1080,2408,3
jfzxugsgnnvsrsg6,22095RA98C,480 Mbps,AMD Ryzen 5 5500,6.17.0-23-generic,phase0-2026-05-20,C_exec_out_raw,125,940230091,1080,2408,3
jfzxugsgnnvsrsg6,22095RA98C,480 Mbps,AMD Ryzen 5 5500,6.17.0-23-generic,phase0-2026-05-20,C_exec_out_raw,126,865085033,1080,2408,3
jfzxugsgnnvsrsg6,22095RA98C,480 Mbps,AMD Ryzen 5 5500,6.17.0-23-generic,phase0-2026-05-20,C_exec_out_raw,127,898428661,1080,2408,3
jfzxugsgnnvsrsg6,22095RA98C,480 Mbps,AMD Ryzen 5 5500,6.17.0-23-generic,phase0-2026-05-20,C_exec_out_raw,128,932929362,1080,2408,3
jfzxugsgnnvsrsg6,22095RA98C,480 Mbps,AMD Ryzen 5 5500,6.17.0-23-generic,phase0-2026-05-20,C_exec_out_raw,129,979102222,1080,2408,3
jfzxugsgnnvsrsg6,22095RA98C,480 Mbps,AMD Ryzen 5 5500,6.17.0-23-generic,phase0-2026-05-20,C_exec_out_raw,130,982015996,1080,2408,3
jfzxugsgnnvsrsg6,22095RA98C,480 Mbps,AMD Ryzen 5 5500,6.17.0-23-generic,phase0-2026-05-20,C_exec_out_raw,131,980868483,1080,2408,3
jfzxugsgnnvsrsg6,22095RA98C,480 Mbps,AMD Ryzen 5 5500,6.17.0-23-generic,phase0-2026-05-20,C_exec_out_raw,132,983558302,1080,2408,3
jfzxugsgnnvsrsg6,22095RA98C,480 Mbps,AMD Ryzen 5 5500,6.17.0-23-generic,phase0-2026-05-20,C_exec_out_raw,133,969260396,1080,2408,3
jfzxugsgnnvsrsg6,22095RA98C,480 Mbps,AMD Ryzen 5 5500,6.17.0-23-generic,phase0-2026-05-20,C_exec_out_raw,134,979524112,1080,2408,3
jfzxugsgnnvsrsg6,22095RA98C,480 Mbps,AMD Ryzen 5 5500,6.17.0-23-generic,phase0-2026-05-20,C_exec_out_raw,135,944969373,1080,2408,3
jfzxugsgnnvsrsg6,22095RA98C,480 Mbps,AMD Ryzen 5 5500,6.17.0-23-generic,phase0-2026-05-20,C_exec_out_raw,136,904712253,1080,2408,3
jfzxugsgnnvsrsg6,22095RA98C,480 Mbps,AMD Ryzen 5 5500,6.17.0-23-generic,phase0-2026-05-20,C_exec_out_raw,137,939489003,1080,2408,3
jfzxugsgnnvsrsg6,22095RA98C,480 Mbps,AMD Ryzen 5 5500,6.17.0-23-generic,phase0-2026-05-20,C_exec_out_raw,138,959358515,1080,2408,3
jfzxugsgnnvsrsg6,22095RA98C,480 Mbps,AMD Ryzen 5 5500,6.17.0-23-generic,phase0-2026-05-20,C_exec_out_raw,139,956476688,1080,2408,3
jfzxugsgnnvsrsg6,22095RA98C,480 Mbps,AMD Ryzen 5 5500,6.17.0-23-generic,phase0-2026-05-20,C_exec_out_raw,140,950125063,1080,2408,3
jfzxugsgnnvsrsg6,22095RA98C,480 Mbps,AMD Ryzen 5 5500,6.17.0-23-generic,phase0-2026-05-20,C_exec_out_raw,141,960875240,1080,2408,3
jfzxugsgnnvsrsg6,22095RA98C,480 Mbps,AMD Ryzen 5 5500,6.17.0-23-generic,phase0-2026-05-20,C_exec_out_raw,142,863715305,1080,2408,3
jfzxugsgnnvsrsg6,22095RA98C,480 Mbps,AMD Ryzen 5 5500,6.17.0-23-generic,phase0-2026-05-20,C_exec_out_raw,143,972195424,1080,2408,3
jfzxugsgnnvsrsg6,22095RA98C,480 Mbps,AMD Ryzen 5 5500,6.17.0-23-generic,phase0-2026-05-20,C_exec_out_raw,144,956963097,1080,2408,3
jfzxugsgnnvsrsg6,22095RA98C,480 Mbps,AMD Ryzen 5 5500,6.17.0-23-generic,phase0-2026-05-20,C_exec_out_raw,145,981178775,1080,2408,3
jfzxugsgnnvsrsg6,22095RA98C,480 Mbps,AMD Ryzen 5 5500,6.17.0-23-generic,phase0-2026-05-20,C_exec_out_raw,146,977087814,1080,2408,3
jfzxugsgnnvsrsg6,22095RA98C,480 Mbps,AMD Ryzen 5 5500,6.17.0-23-generic,phase0-2026-05-20,C_exec_out_raw,147,1003208130,1080,2408,3
jfzxugsgnnvsrsg6,22095RA98C,480 Mbps,AMD Ryzen 5 5500,6.17.0-23-generic,phase0-2026-05-20,C_exec_out_raw,148,979718872,1080,2408,3
jfzxugsgnnvsrsg6,22095RA98C,480 Mbps,AMD Ryzen 5 5500,6.17.0-23-generic,phase0-2026-05-20,C_exec_out_raw,149,978341364,1080,2408,3
jfzxugsgnnvsrsg6,22095RA98C,480 Mbps,AMD Ryzen 5 5500,6.17.0-23-generic,phase0-2026-05-20,C_exec_out_raw,150,914479589,1080,2408,3
jfzxugsgnnvsrsg6,22095RA98C,480 Mbps,AMD Ryzen 5 5500,6.17.0-23-generic,phase0-2026-05-20,C_exec_out_raw,151,982742836,1080,2408,3
jfzxugsgnnvsrsg6,22095RA98C,480 Mbps,AMD Ryzen 5 5500,6.17.0-23-generic,phase0-2026-05-20,C_exec_out_raw,152,963477379,1080,2408,3
jfzxugsgnnvsrsg6,22095RA98C,480 Mbps,AMD Ryzen 5 5500,6.17.0-23-generic,phase0-2026-05-20,C_exec_out_raw,153,986410844,1080,2408,3
jfzxugsgnnvsrsg6,22095RA98C,480 Mbps,AMD Ryzen 5 5500,6.17.0-23-generic,phase0-2026-05-20,C_exec_out_raw,154,965048766,1080,2408,3
jfzxugsgnnvsrsg6,22095RA98C,480 Mbps,AMD Ryzen 5 5500,6.17.0-23-generic,phase0-2026-05-20,C_exec_out_raw,155,975774433,1080,2408,3
jfzxugsgnnvsrsg6,22095RA98C,480 Mbps,AMD Ryzen 5 5500,6.17.0-23-generic,phase0-2026-05-20,C_exec_out_raw,156,934789482,1080,2408,3
jfzxugsgnnvsrsg6,22095RA98C,480 Mbps,AMD Ryzen 5 5500,6.17.0-23-generic,phase0-2026-05-20,C_exec_out_raw,157,917922641,1080,2408,3
jfzxugsgnnvsrsg6,22095RA98C,480 Mbps,AMD Ryzen 5 5500,6.17.0-23-generic,phase0-2026-05-20,C_exec_out_raw,158,965743921,1080,2408,3
jfzxugsgnnvsrsg6,22095RA98C,480 Mbps,AMD Ryzen 5 5500,6.17.0-23-generic,phase0-2026-05-20,C_exec_out_raw,159,947170247,1080,2408,3
jfzxugsgnnvsrsg6,22095RA98C,480 Mbps,AMD Ryzen 5 5500,6.17.0-23-generic,phase0-2026-05-20,C_exec_out_raw,160,1033900888,1080,2408,3
jfzxugsgnnvsrsg6,22095RA98C,480 Mbps,AMD Ryzen 5 5500,6.17.0-23-generic,phase0-2026-05-20,C_exec_out_raw,161,932881943,1080,2408,3
jfzxugsgnnvsrsg6,22095RA98C,480 Mbps,AMD Ryzen 5 5500,6.17.0-23-generic,phase0-2026-05-20,C_exec_out_raw,162,747679911,1080,2408,3
jfzxugsgnnvsrsg6,22095RA98C,480 Mbps,AMD Ryzen 5 5500,6.17.0-23-generic,phase0-2026-05-20,C_exec_out_raw,163,649878274,1080,2408,3
jfzxugsgnnvsrsg6,22095RA98C,480 Mbps,AMD Ryzen 5 5500,6.17.0-23-generic,phase0-2026-05-20,C_exec_out_raw,164,654001578,1080,2408,3
jfzxugsgnnvsrsg6,22095RA98C,480 Mbps,AMD Ryzen 5 5500,6.17.0-23-generic,phase0-2026-05-20,C_exec_out_raw,165,892274682,1080,2408,3
jfzxugsgnnvsrsg6,22095RA98C,480 Mbps,AMD Ryzen 5 5500,6.17.0-23-generic,phase0-2026-05-20,C_exec_out_raw,166,957303782,1080,2408,3
jfzxugsgnnvsrsg6,22095RA98C,480 Mbps,AMD Ryzen 5 5500,6.17.0-23-generic,phase0-2026-05-20,C_exec_out_raw,167,944220813,1080,2408,3
jfzxugsgnnvsrsg6,22095RA98C,480 Mbps,AMD Ryzen 5 5500,6.17.0-23-generic,phase0-2026-05-20,C_exec_out_raw,168,994289522,1080,2408,3
jfzxugsgnnvsrsg6,22095RA98C,480 Mbps,AMD Ryzen 5 5500,6.17.0-23-generic,phase0-2026-05-20,C_exec_out_raw,169,1008455928,1080,2408,3
jfzxugsgnnvsrsg6,22095RA98C,480 Mbps,AMD Ryzen 5 5500,6.17.0-23-generic,phase0-2026-05-20,C_exec_out_raw,170,769146146,1080,2408,3
jfzxugsgnnvsrsg6,22095RA98C,480 Mbps,AMD Ryzen 5 5500,6.17.0-23-generic,phase0-2026-05-20,C_exec_out_raw,171,950493286,1080,2408,3
jfzxugsgnnvsrsg6,22095RA98C,480 Mbps,AMD Ryzen 5 5500,6.17.0-23-generic,phase0-2026-05-20,C_exec_out_raw,172,943012607,1080,2408,3
jfzxugsgnnvsrsg6,22095RA98C,480 Mbps,AMD Ryzen 5 5500,6.17.0-23-generic,phase0-2026-05-20,C_exec_out_raw,173,989872424,1080,2408,3
jfzxugsgnnvsrsg6,22095RA98C,480 Mbps,AMD Ryzen 5 5500,6.17.0-23-generic,phase0-2026-05-20,C_exec_out_raw,174,954439667,1080,2408,3
jfzxugsgnnvsrsg6,22095RA98C,480 Mbps,AMD Ryzen 5 5500,6.17.0-23-generic,phase0-2026-05-20,C_exec_out_raw,175,977456087,1080,2408,3
jfzxugsgnnvsrsg6,22095RA98C,480 Mbps,AMD Ryzen 5 5500,6.17.0-23-generic,phase0-2026-05-20,C_exec_out_raw,176,982529324,1080,2408,3
jfzxugsgnnvsrsg6,22095RA98C,480 Mbps,AMD Ryzen 5 5500,6.17.0-23-generic,phase0-2026-05-20,C_exec_out_raw,177,991537890,1080,2408,3
jfzxugsgnnvsrsg6,22095RA98C,480 Mbps,AMD Ryzen 5 5500,6.17.0-23-generic,phase0-2026-05-20,C_exec_out_raw,178,938352801,1080,2408,3
jfzxugsgnnvsrsg6,22095RA98C,480 Mbps,AMD Ryzen 5 5500,6.17.0-23-generic,phase0-2026-05-20,C_exec_out_raw,179,990540345,1080,2408,3
jfzxugsgnnvsrsg6,22095RA98C,480 Mbps,AMD Ryzen 5 5500,6.17.0-23-generic,phase0-2026-05-20,C_exec_out_raw,180,1000314256,1080,2408,3
jfzxugsgnnvsrsg6,22095RA98C,480 Mbps,AMD Ryzen 5 5500,6.17.0-23-generic,phase0-2026-05-20,C_exec_out_raw,181,896907458,1080,2408,3
jfzxugsgnnvsrsg6,22095RA98C,480 Mbps,AMD Ryzen 5 5500,6.17.0-23-generic,phase0-2026-05-20,C_exec_out_raw,182,971446303,1080,2408,3
jfzxugsgnnvsrsg6,22095RA98C,480 Mbps,AMD Ryzen 5 5500,6.17.0-23-generic,phase0-2026-05-20,C_exec_out_raw,183,994207809,1080,2408,3
jfzxugsgnnvsrsg6,22095RA98C,480 Mbps,AMD Ryzen 5 5500,6.17.0-23-generic,phase0-2026-05-20,C_exec_out_raw,184,969133512,1080,2408,3
jfzxugsgnnvsrsg6,22095RA98C,480 Mbps,AMD Ryzen 5 5500,6.17.0-23-generic,phase0-2026-05-20,C_exec_out_raw,185,959751405,1080,2408,3
jfzxugsgnnvsrsg6,22095RA98C,480 Mbps,AMD Ryzen 5 5500,6.17.0-23-generic,phase0-2026-05-20,C_exec_out_raw,186,961149680,1080,2408,3
jfzxugsgnnvsrsg6,22095RA98C,480 Mbps,AMD Ryzen 5 5500,6.17.0-23-generic,phase0-2026-05-20,C_exec_out_raw,187,946788825,1080,2408,3
jfzxugsgnnvsrsg6,22095RA98C,480 Mbps,AMD Ryzen 5 5500,6.17.0-23-generic,phase0-2026-05-20,C_exec_out_raw,188,929072743,1080,2408,3
jfzxugsgnnvsrsg6,22095RA98C,480 Mbps,AMD Ryzen 5 5500,6.17.0-23-generic,phase0-2026-05-20,C_exec_out_raw,189,992255787,1080,2408,3
jfzxugsgnnvsrsg6,22095RA98C,480 Mbps,AMD Ryzen 5 5500,6.17.0-23-generic,phase0-2026-05-20,C_exec_out_raw,190,948194325,1080,2408,3
jfzxugsgnnvsrsg6,22095RA98C,480 Mbps,AMD Ryzen 5 5500,6.17.0-23-generic,phase0-2026-05-20,C_exec_out_raw,191,962355012,1080,2408,3
jfzxugsgnnvsrsg6,22095RA98C,480 Mbps,AMD Ryzen 5 5500,6.17.0-23-generic,phase0-2026-05-20,C_exec_out_raw,192,988013137,1080,2408,3
jfzxugsgnnvsrsg6,22095RA98C,480 Mbps,AMD Ryzen 5 5500,6.17.0-23-generic,phase0-2026-05-20,C_exec_out_raw,193,966754354,1080,2408,3
jfzxugsgnnvsrsg6,22095RA98C,480 Mbps,AMD Ryzen 5 5500,6.17.0-23-generic,phase0-2026-05-20,C_exec_out_raw,194,986026633,1080,2408,3
jfzxugsgnnvsrsg6,22095RA98C,480 Mbps,AMD Ryzen 5 5500,6.17.0-23-generic,phase0-2026-05-20,C_exec_out_raw,195,1004440436,1080,2408,3
jfzxugsgnnvsrsg6,22095RA98C,480 Mbps,AMD Ryzen 5 5500,6.17.0-23-generic,phase0-2026-05-20,C_exec_out_raw,196,980256055,1080,2408,3
jfzxugsgnnvsrsg6,22095RA98C,480 Mbps,AMD Ryzen 5 5500,6.17.0-23-generic,phase0-2026-05-20,C_exec_out_raw,197,932634259,1080,2408,3
jfzxugsgnnvsrsg6,22095RA98C,480 Mbps,AMD Ryzen 5 5500,6.17.0-23-generic,phase0-2026-05-20,C_exec_out_raw,198,1008952929,1080,2408,3
jfzxugsgnnvsrsg6,22095RA98C,480 Mbps,AMD Ryzen 5 5500,6.17.0-23-generic,phase0-2026-05-20,C_exec_out_raw,199,940055790,1080,2408,3
